experiment_id,well,strain,experiment_reference,lab,strain_name,strain_class,standard_type,control_type,media_type,inducer_type,inducer_concentration,inducer_concentration_unit,sample_contents,temperature,temperature_unit,od,dead,ungrowing,doubling_time,n0
r1e7998zhy3gm8,a1,UWBF_6390,YeastSTATES-Beta-Estradiol-OR-Gate-Plant-TF-Growth-Curves,transcriptic,CRISPR_w303_positive_control_NOR_00_6390,Control,,,SC Media with 200nM beta-estradiol,,,,"['Phosphate Buffered Saline', 'SC Media with 200nM beta-estradiol']",35.0,celsius,0.0338696323890335,False,False,14.221832607796236,0.051878738478936655
r1e7998zhy3gm8,a10,UWBF_25784,YeastSTATES-Beta-Estradiol-OR-Gate-Plant-TF-Growth-Curves,transcriptic,CRISPR_CEN.PK2_inducible_FP_25784,Control,,,SC Media with 200nM beta-estradiol,,,,"['Phosphate Buffered Saline', 'SC Media with 200nM beta-estradiol']",35.0,celsius,0.03265407404054689,False,False,60.30086134443202,0.10075761419979765
r1e7998zhy3gm8,a11,UWBF_25784,YeastSTATES-Beta-Estradiol-OR-Gate-Plant-TF-Growth-Curves,transcriptic,CRISPR_CEN.PK2_inducible_FP_25784,Control,,,SC Media with 200nM beta-estradiol,,,,"['Phosphate Buffered Saline', 'SC Media with 200nM beta-estradiol']",35.0,celsius,0.033615061024042464,False,False,46.24131836749989,0.07586506222567123
r1e7998zhy3gm8,a12,UWBF_25784,YeastSTATES-Beta-Estradiol-OR-Gate-Plant-TF-Growth-Curves,transcriptic,CRISPR_CEN.PK2_inducible_FP_25784,Control,,,SC Media with 200nM beta-estradiol,,,,"['Phosphate Buffered Saline', 'SC Media with 200nM beta-estradiol']",35.0,celsius,0.034645002248793084,False,False,25.77587449098092,0.07564694497758442
r1e7998zhy3gm8,a2,UWBF_24864,YeastSTATES-Beta-Estradiol-OR-Gate-Plant-TF-Growth-Curves,transcriptic,CRISPR_CEN.PK2_positive_control_NOR_00_24864,Control,,,SC Media with 200nM beta-estradiol,,,,"['Phosphate Buffered Saline', 'SC Media with 200nM beta-estradiol']",35.0,celsius,0.032724708926019724,False,False,22.662031151860692,0.05890813929240071
r1e7998zhy3gm8,a3,UWBF_24864,YeastSTATES-Beta-Estradiol-OR-Gate-Plant-TF-Growth-Curves,transcriptic,CRISPR_CEN.PK2_positive_control_NOR_00_24864,Control,,,SC Media with 200nM beta-estradiol,,,,"['Phosphate Buffered Saline', 'SC Media with 200nM beta-estradiol']",35.0,celsius,0.03456530927090453,False,False,13.62636715687397,0.05096322267848381
r1e7998zhy3gm8,a4,UWBF_24864,YeastSTATES-Beta-Estradiol-OR-Gate-Plant-TF-Growth-Curves,transcriptic,CRISPR_CEN.PK2_positive_control_NOR_00_24864,Control,,,SC Media with 200nM beta-estradiol,,,,"['Phosphate Buffered Saline', 'SC Media with 200nM beta-estradiol']",35.0,celsius,0.03357349362056791,False,False,32.59025693404312,0.07304997780143657
r1e7998zhy3gm8,a5,UWBF_24864,YeastSTATES-Beta-Estradiol-OR-Gate-Plant-TF-Growth-Curves,transcriptic,CRISPR_CEN.PK2_positive_control_NOR_00_24864,Control,,,SC Media with 200nM beta-estradiol,,,,"['Phosphate Buffered Saline', 'SC Media with 200nM beta-estradiol']",35.0,celsius,0.0375148865187216,False,False,29.33056362300701,0.10469386740508217
r1e7998zhy3gm8,a6,UWBF_24864,YeastSTATES-Beta-Estradiol-OR-Gate-Plant-TF-Growth-Curves,transcriptic,CRISPR_CEN.PK2_positive_control_NOR_00_24864,Control,,,SC Media with 200nM beta-estradiol,,,,"['Phosphate Buffered Saline', 'SC Media with 200nM beta-estradiol']",35.0,celsius,0.03375504392806008,False,False,8.046596774837324,0.023841786964715374
r1e7998zhy3gm8,a7,UWBF_24864,YeastSTATES-Beta-Estradiol-OR-Gate-Plant-TF-Growth-Curves,transcriptic,CRISPR_CEN.PK2_positive_control_NOR_00_24864,Control,,,SC Media with 200nM beta-estradiol,,,,"['Phosphate Buffered Saline', 'SC Media with 200nM beta-estradiol']",35.0,celsius,0.03297333744657721,False,False,25.70854819978517,0.08599510693338971
r1e7998zhy3gm8,a8,UWBF_25784,YeastSTATES-Beta-Estradiol-OR-Gate-Plant-TF-Growth-Curves,transcriptic,CRISPR_CEN.PK2_inducible_FP_25784,Control,,,SC Media with 200nM beta-estradiol,,,,"['Phosphate Buffered Saline', 'SC Media with 200nM beta-estradiol']",35.0,celsius,0.0340401412743577,False,False,24.146399642516762,0.09352983943909704
r1e7998zhy3gm8,a9,UWBF_25784,YeastSTATES-Beta-Estradiol-OR-Gate-Plant-TF-Growth-Curves,transcriptic,CRISPR_CEN.PK2_inducible_FP_25784,Control,,,SC Media with 200nM beta-estradiol,,,,"['Phosphate Buffered Saline', 'SC Media with 200nM beta-estradiol']",35.0,celsius,0.03311960566678125,False,True,,
r1e7998zhy3gm8,b1,UWBF_6390,YeastSTATES-Beta-Estradiol-OR-Gate-Plant-TF-Growth-Curves,transcriptic,CRISPR_w303_positive_control_NOR_00_6390,Control,,,SC Media with 200nM beta-estradiol,,,,"['Phosphate Buffered Saline', 'SC Media with 200nM beta-estradiol']",35.0,celsius,0.03482186672058076,False,True,,
r1e7998zhy3gm8,b10,UWBF_34287,YeastSTATES-Beta-Estradiol-OR-Gate-Plant-TF-Growth-Curves,transcriptic,CEN.PK2_ATAF1_gfp_34287,Experiment,,,SC Media with 200nM beta-estradiol,,,,"['Phosphate Buffered Saline', 'SC Media with 200nM beta-estradiol']",35.0,celsius,0.03476703588619868,False,False,1.1814052603460699,3.8626649849323124e-07
r1e7998zhy3gm8,b11,UWBF_34287,YeastSTATES-Beta-Estradiol-OR-Gate-Plant-TF-Growth-Curves,transcriptic,CEN.PK2_ATAF1_gfp_34287,Experiment,,,SC Media with 200nM beta-estradiol,,,,"['Phosphate Buffered Saline', 'SC Media with 200nM beta-estradiol']",35.0,celsius,0.03360638643497013,True,True,,
r1e7998zhy3gm8,b12,UWBF_34287,YeastSTATES-Beta-Estradiol-OR-Gate-Plant-TF-Growth-Curves,transcriptic,CEN.PK2_ATAF1_gfp_34287,Experiment,,,SC Media with 200nM beta-estradiol,,,,"['Phosphate Buffered Saline', 'SC Media with 200nM beta-estradiol']",35.0,celsius,0.05539602724627976,False,False,134203248.92243722,0.05468081123913209
r1e7998zhy3gm8,b2,UWBF_24864,YeastSTATES-Beta-Estradiol-OR-Gate-Plant-TF-Growth-Curves,transcriptic,CRISPR_CEN.PK2_positive_control_NOR_00_24864,Control,,,SC Media with 200nM beta-estradiol,,,,"['Phosphate Buffered Saline', 'SC Media with 200nM beta-estradiol']",35.0,celsius,0.03593023409119436,False,False,21.65420330781989,0.09296322133715387
r1e7998zhy3gm8,b3,UWBF_34293,YeastSTATES-Beta-Estradiol-OR-Gate-Plant-TF-Growth-Curves,transcriptic,CEN.PK2_ORE1_gfp_34293,Experiment,,,SC Media with 200nM beta-estradiol,,,,"['Phosphate Buffered Saline', 'SC Media with 200nM beta-estradiol']",35.0,celsius,0.03289132247755143,False,False,52.6458720979595,0.11624989814825093
r1e7998zhy3gm8,b4,UWBF_34293,YeastSTATES-Beta-Estradiol-OR-Gate-Plant-TF-Growth-Curves,transcriptic,CEN.PK2_ORE1_gfp_34293,Experiment,,,SC Media with 200nM beta-estradiol,,,,"['Phosphate Buffered Saline', 'SC Media with 200nM beta-estradiol']",35.0,celsius,0.03414292713989901,False,False,118.09072615271381,0.11602257568320844
r1e7998zhy3gm8,b5,UWBF_34293,YeastSTATES-Beta-Estradiol-OR-Gate-Plant-TF-Growth-Curves,transcriptic,CEN.PK2_ORE1_gfp_34293,Experiment,,,SC Media with 200nM beta-estradiol,,,,"['Phosphate Buffered Saline', 'SC Media with 200nM beta-estradiol']",35.0,celsius,0.034218736256662406,False,False,138363811.51728547,0.1512448353980847
r1e7998zhy3gm8,b6,UWBF_34293,YeastSTATES-Beta-Estradiol-OR-Gate-Plant-TF-Growth-Curves,transcriptic,CEN.PK2_ORE1_gfp_34293,Experiment,,,SC Media with 200nM beta-estradiol,,,,"['Phosphate Buffered Saline', 'SC Media with 200nM beta-estradiol']",35.0,celsius,0.03482441637647549,False,False,83.05026995422935,0.09025048790241834
r1e7998zhy3gm8,b7,UWBF_34293,YeastSTATES-Beta-Estradiol-OR-Gate-Plant-TF-Growth-Curves,transcriptic,CEN.PK2_ORE1_gfp_34293,Experiment,,,SC Media with 200nM beta-estradiol,,,,"['Phosphate Buffered Saline', 'SC Media with 200nM beta-estradiol']",35.0,celsius,0.03407678420602697,False,False,46.867873125952585,0.10024209437589678
r1e7998zhy3gm8,b8,UWBF_34287,YeastSTATES-Beta-Estradiol-OR-Gate-Plant-TF-Growth-Curves,transcriptic,CEN.PK2_ATAF1_gfp_34287,Experiment,,,SC Media with 200nM beta-estradiol,,,,"['Phosphate Buffered Saline', 'SC Media with 200nM beta-estradiol']",35.0,celsius,0.032847540885898266,True,True,,
r1e7998zhy3gm8,b9,UWBF_34287,YeastSTATES-Beta-Estradiol-OR-Gate-Plant-TF-Growth-Curves,transcriptic,CEN.PK2_ATAF1_gfp_34287,Experiment,,,SC Media with 200nM beta-estradiol,,,,"['Phosphate Buffered Saline', 'SC Media with 200nM beta-estradiol']",35.0,celsius,0.045485188235760664,False,False,70160459.16355535,0.07804158253341466
r1e7998zhy3gm8,c1,UWBF_6390,YeastSTATES-Beta-Estradiol-OR-Gate-Plant-TF-Growth-Curves,transcriptic,CRISPR_w303_positive_control_NOR_00_6390,Control,,,SC Media with 200nM beta-estradiol,,,,"['Phosphate Buffered Saline', 'SC Media with 200nM beta-estradiol']",35.0,celsius,0.03422271915453993,False,False,13.302142933211998,0.04374136894365978
r1e7998zhy3gm8,c10,UWBF_34285,YeastSTATES-Beta-Estradiol-OR-Gate-Plant-TF-Growth-Curves,transcriptic,CEN.PK2_ATAF1_sic1_gfp_34285,Experiment,,,SC Media with 200nM beta-estradiol,,,,"['Phosphate Buffered Saline', 'SC Media with 200nM beta-estradiol']",35.0,celsius,0.03489710844180968,False,False,8.102918850292529,0.03701849903429394
r1e7998zhy3gm8,c11,UWBF_34285,YeastSTATES-Beta-Estradiol-OR-Gate-Plant-TF-Growth-Curves,transcriptic,CEN.PK2_ATAF1_sic1_gfp_34285,Experiment,,,SC Media with 200nM beta-estradiol,,,,"['Phosphate Buffered Saline', 'SC Media with 200nM beta-estradiol']",35.0,celsius,0.03392225092970065,False,False,19.410512897571287,0.07768226509504103
r1e7998zhy3gm8,c12,UWBF_34285,YeastSTATES-Beta-Estradiol-OR-Gate-Plant-TF-Growth-Curves,transcriptic,CEN.PK2_ATAF1_sic1_gfp_34285,Experiment,,,SC Media with 200nM beta-estradiol,,,,"['Phosphate Buffered Saline', 'SC Media with 200nM beta-estradiol']",35.0,celsius,0.03480275753803454,False,False,48.83442070940461,0.05326797536116954
r1e7998zhy3gm8,c2,UWBF_24864,YeastSTATES-Beta-Estradiol-OR-Gate-Plant-TF-Growth-Curves,transcriptic,CRISPR_CEN.PK2_positive_control_NOR_00_24864,Control,,,SC Media with 200nM beta-estradiol,,,,"['Phosphate Buffered Saline', 'SC Media with 200nM beta-estradiol']",35.0,celsius,0.07045275526286998,False,False,18.936604162221624,0.0895498989654839
r1e7998zhy3gm8,c3,UWBF_34299,YeastSTATES-Beta-Estradiol-OR-Gate-Plant-TF-Growth-Curves,transcriptic,CEN.PK2_ORE1_gfp_34299,Experiment,,,SC Media with 200nM beta-estradiol,,,,"['Phosphate Buffered Saline', 'SC Media with 200nM beta-estradiol']",35.0,celsius,0.0675037683818834,False,False,36.92987577702434,0.07522810863152717
r1e7998zhy3gm8,c4,UWBF_34299,YeastSTATES-Beta-Estradiol-OR-Gate-Plant-TF-Growth-Curves,transcriptic,CEN.PK2_ORE1_gfp_34299,Experiment,,,SC Media with 200nM beta-estradiol,,,,"['Phosphate Buffered Saline', 'SC Media with 200nM beta-estradiol']",35.0,celsius,0.03473547331538252,False,False,56.071846317266996,0.11615635921921685
r1e7998zhy3gm8,c5,UWBF_34299,YeastSTATES-Beta-Estradiol-OR-Gate-Plant-TF-Growth-Curves,transcriptic,CEN.PK2_ORE1_gfp_34299,Experiment,,,SC Media with 200nM beta-estradiol,,,,"['Phosphate Buffered Saline', 'SC Media with 200nM beta-estradiol']",35.0,celsius,0.03463667764898348,False,False,32.611368816501496,0.07579622270873707
r1e7998zhy3gm8,c6,UWBF_34299,YeastSTATES-Beta-Estradiol-OR-Gate-Plant-TF-Growth-Curves,transcriptic,CEN.PK2_ORE1_gfp_34299,Experiment,,,SC Media with 200nM beta-estradiol,,,,"['Phosphate Buffered Saline', 'SC Media with 200nM beta-estradiol']",35.0,celsius,0.03424092012500988,False,False,14.94479618336663,0.05100143267239108
r1e7998zhy3gm8,c7,UWBF_34299,YeastSTATES-Beta-Estradiol-OR-Gate-Plant-TF-Growth-Curves,transcriptic,CEN.PK2_ORE1_gfp_34299,Experiment,,,SC Media with 200nM beta-estradiol,,,,"['Phosphate Buffered Saline', 'SC Media with 200nM beta-estradiol']",35.0,celsius,0.034745299139059126,False,False,49.73409067899658,0.07221737506547381
r1e7998zhy3gm8,c8,UWBF_34285,YeastSTATES-Beta-Estradiol-OR-Gate-Plant-TF-Growth-Curves,transcriptic,CEN.PK2_ATAF1_sic1_gfp_34285,Experiment,,,SC Media with 200nM beta-estradiol,,,,"['Phosphate Buffered Saline', 'SC Media with 200nM beta-estradiol']",35.0,celsius,0.03346015844307256,False,False,20.709498188681568,0.052303908833448945
r1e7998zhy3gm8,c9,UWBF_34285,YeastSTATES-Beta-Estradiol-OR-Gate-Plant-TF-Growth-Curves,transcriptic,CEN.PK2_ATAF1_sic1_gfp_34285,Experiment,,,SC Media with 200nM beta-estradiol,,,,"['Phosphate Buffered Saline', 'SC Media with 200nM beta-estradiol']",35.0,celsius,0.033835609952620686,False,False,12.123062810521489,0.03036606387587845
r1e7998zhy3gm8,d1,UWBF_23970,YeastSTATES-Beta-Estradiol-OR-Gate-Plant-TF-Growth-Curves,transcriptic,CRISPR_CEN.PK2_negative_control_23970,Control,,,SC Media with 200nM beta-estradiol,,,,"['Phosphate Buffered Saline', 'SC Media with 200nM beta-estradiol']",35.0,celsius,0.03404233751354261,False,False,12.721563088747153,0.03299991844854321
r1e7998zhy3gm8,d10,UWBF_34280,YeastSTATES-Beta-Estradiol-OR-Gate-Plant-TF-Growth-Curves,transcriptic,CEN.PK2_ATAF1_sic1_gfp_34280,Experiment,,,SC Media with 200nM beta-estradiol,,,,"['Phosphate Buffered Saline', 'SC Media with 200nM beta-estradiol']",35.0,celsius,0.0342448516377972,False,False,1053021.639368201,0.05760679693450358
r1e7998zhy3gm8,d11,UWBF_34280,YeastSTATES-Beta-Estradiol-OR-Gate-Plant-TF-Growth-Curves,transcriptic,CEN.PK2_ATAF1_sic1_gfp_34280,Experiment,,,SC Media with 200nM beta-estradiol,,,,"['Phosphate Buffered Saline', 'SC Media with 200nM beta-estradiol']",35.0,celsius,0.03415923932727572,True,True,,
r1e7998zhy3gm8,d12,UWBF_34280,YeastSTATES-Beta-Estradiol-OR-Gate-Plant-TF-Growth-Curves,transcriptic,CEN.PK2_ATAF1_sic1_gfp_34280,Experiment,,,SC Media with 200nM beta-estradiol,,,,"['Phosphate Buffered Saline', 'SC Media with 200nM beta-estradiol']",35.0,celsius,0.0348370041760095,False,False,105432468.93403953,0.04657257244913713
r1e7998zhy3gm8,d2,MediaControl,YeastSTATES-Beta-Estradiol-OR-Gate-Plant-TF-Growth-Curves,transcriptic,Media_control,Blank,MEDIA_BLANK,,SC Media with 200nM beta-estradiol,,,,"['Phosphate Buffered Saline', 'SC Media with 200nM beta-estradiol']",35.0,celsius,0.03515391989735549,False,False,,
r1e7998zhy3gm8,d3,UWBF_34296,YeastSTATES-Beta-Estradiol-OR-Gate-Plant-TF-Growth-Curves,transcriptic,CEN.PK2_ORE1_sic1_gfp_34296,Experiment,,,SC Media with 200nM beta-estradiol,,,,"['Phosphate Buffered Saline', 'SC Media with 200nM beta-estradiol']",35.0,celsius,0.033364833893179534,False,False,63.94892160232689,0.07966308254535576
r1e7998zhy3gm8,d4,UWBF_34296,YeastSTATES-Beta-Estradiol-OR-Gate-Plant-TF-Growth-Curves,transcriptic,CEN.PK2_ORE1_sic1_gfp_34296,Experiment,,,SC Media with 200nM beta-estradiol,,,,"['Phosphate Buffered Saline', 'SC Media with 200nM beta-estradiol']",35.0,celsius,0.03420854375569704,False,False,10.623480673079323,0.030505583829745286
r1e7998zhy3gm8,d5,UWBF_34296,YeastSTATES-Beta-Estradiol-OR-Gate-Plant-TF-Growth-Curves,transcriptic,CEN.PK2_ORE1_sic1_gfp_34296,Experiment,,,SC Media with 200nM beta-estradiol,,,,"['Phosphate Buffered Saline', 'SC Media with 200nM beta-estradiol']",35.0,celsius,0.039257560337218805,False,False,216743416.03810188,0.12591071810637425
r1e7998zhy3gm8,d6,UWBF_34296,YeastSTATES-Beta-Estradiol-OR-Gate-Plant-TF-Growth-Curves,transcriptic,CEN.PK2_ORE1_sic1_gfp_34296,Experiment,,,SC Media with 200nM beta-estradiol,,,,"['Phosphate Buffered Saline', 'SC Media with 200nM beta-estradiol']",35.0,celsius,0.03499372042209303,False,False,20.195405981191563,0.05695794273871272
r1e7998zhy3gm8,d7,UWBF_34296,YeastSTATES-Beta-Estradiol-OR-Gate-Plant-TF-Growth-Curves,transcriptic,CEN.PK2_ORE1_sic1_gfp_34296,Experiment,,,SC Media with 200nM beta-estradiol,,,,"['Phosphate Buffered Saline', 'SC Media with 200nM beta-estradiol']",35.0,celsius,0.033177473036164334,False,True,,
r1e7998zhy3gm8,d8,UWBF_34280,YeastSTATES-Beta-Estradiol-OR-Gate-Plant-TF-Growth-Curves,transcriptic,CEN.PK2_ATAF1_sic1_gfp_34280,Experiment,,,SC Media with 200nM beta-estradiol,,,,"['Phosphate Buffered Saline', 'SC Media with 200nM beta-estradiol']",35.0,celsius,0.03469845370888927,False,False,31.50779285544202,0.05686087354510997
r1e7998zhy3gm8,d9,UWBF_34280,YeastSTATES-Beta-Estradiol-OR-Gate-Plant-TF-Growth-Curves,transcriptic,CEN.PK2_ATAF1_sic1_gfp_34280,Experiment,,,SC Media with 200nM beta-estradiol,,,,"['Phosphate Buffered Saline', 'SC Media with 200nM beta-estradiol']",35.0,celsius,0.03434381651850412,False,False,25.16764019808958,0.04858578662340652
r1e7998zhy3gm8,e1,UWBF_23970,YeastSTATES-Beta-Estradiol-OR-Gate-Plant-TF-Growth-Curves,transcriptic,CRISPR_CEN.PK2_negative_control_23970,Control,,,SC Media with 200nM beta-estradiol,,,,"['Phosphate Buffered Saline', 'SC Media with 200nM beta-estradiol']",35.0,celsius,0.035923474423800485,False,True,,
r1e7998zhy3gm8,e10,UWBF_34283,YeastSTATES-Beta-Estradiol-OR-Gate-Plant-TF-Growth-Curves,transcriptic,CEN.PK2_ATAF1_gfp_34283,Experiment,,,SC Media with 200nM beta-estradiol,,,,"['Phosphate Buffered Saline', 'SC Media with 200nM beta-estradiol']",35.0,celsius,0.033391923346873235,False,False,854311.9733951613,0.0587644307480451
r1e7998zhy3gm8,e11,UWBF_34283,YeastSTATES-Beta-Estradiol-OR-Gate-Plant-TF-Growth-Curves,transcriptic,CEN.PK2_ATAF1_gfp_34283,Experiment,,,SC Media with 200nM beta-estradiol,,,,"['Phosphate Buffered Saline', 'SC Media with 200nM beta-estradiol']",35.0,celsius,0.034399854364850484,True,True,,
r1e7998zhy3gm8,e12,UWBF_34283,YeastSTATES-Beta-Estradiol-OR-Gate-Plant-TF-Growth-Curves,transcriptic,CEN.PK2_ATAF1_gfp_34283,Experiment,,,SC Media with 200nM beta-estradiol,,,,"['Phosphate Buffered Saline', 'SC Media with 200nM beta-estradiol']",35.0,celsius,0.03341472294003785,True,True,,
r1e7998zhy3gm8,e2,MediaControl,YeastSTATES-Beta-Estradiol-OR-Gate-Plant-TF-Growth-Curves,transcriptic,Media_control,Blank,MEDIA_BLANK,,SC Media with 200nM beta-estradiol,,,,"['Phosphate Buffered Saline', 'SC Media with 200nM beta-estradiol']",35.0,celsius,0.04288063003502606,False,False,,
r1e7998zhy3gm8,e3,UWBF_34290,YeastSTATES-Beta-Estradiol-OR-Gate-Plant-TF-Growth-Curves,transcriptic,CEN.PK2_ORE1_sic1_gfp_34290,Experiment,,,SC Media with 200nM beta-estradiol,,,,"['Phosphate Buffered Saline', 'SC Media with 200nM beta-estradiol']",35.0,celsius,0.033852310616443365,False,True,,
r1e7998zhy3gm8,e4,UWBF_34290,YeastSTATES-Beta-Estradiol-OR-Gate-Plant-TF-Growth-Curves,transcriptic,CEN.PK2_ORE1_sic1_gfp_34290,Experiment,,,SC Media with 200nM beta-estradiol,,,,"['Phosphate Buffered Saline', 'SC Media with 200nM beta-estradiol']",35.0,celsius,0.0345119804551342,False,False,8.745504725448809,0.02368124652864061
r1e7998zhy3gm8,e5,UWBF_34290,YeastSTATES-Beta-Estradiol-OR-Gate-Plant-TF-Growth-Curves,transcriptic,CEN.PK2_ORE1_sic1_gfp_34290,Experiment,,,SC Media with 200nM beta-estradiol,,,,"['Phosphate Buffered Saline', 'SC Media with 200nM beta-estradiol']",35.0,celsius,0.03427980613108492,False,True,,
r1e7998zhy3gm8,e6,UWBF_34290,YeastSTATES-Beta-Estradiol-OR-Gate-Plant-TF-Growth-Curves,transcriptic,CEN.PK2_ORE1_sic1_gfp_34290,Experiment,,,SC Media with 200nM beta-estradiol,,,,"['Phosphate Buffered Saline', 'SC Media with 200nM beta-estradiol']",35.0,celsius,0.032570550937442384,False,False,66.94629461927309,0.09276384513353941
r1e7998zhy3gm8,e7,UWBF_34290,YeastSTATES-Beta-Estradiol-OR-Gate-Plant-TF-Growth-Curves,transcriptic,CEN.PK2_ORE1_sic1_gfp_34290,Experiment,,,SC Media with 200nM beta-estradiol,,,,"['Phosphate Buffered Saline', 'SC Media with 200nM beta-estradiol']",35.0,celsius,0.03441826906615207,False,False,19.947338580568786,0.06525861427743376
r1e7998zhy3gm8,e8,UWBF_34283,YeastSTATES-Beta-Estradiol-OR-Gate-Plant-TF-Growth-Curves,transcriptic,CEN.PK2_ATAF1_gfp_34283,Experiment,,,SC Media with 200nM beta-estradiol,,,,"['Phosphate Buffered Saline', 'SC Media with 200nM beta-estradiol']",35.0,celsius,0.032642931400026214,False,False,5782984.347080635,0.11175165608187602
r1e7998zhy3gm8,e9,UWBF_34283,YeastSTATES-Beta-Estradiol-OR-Gate-Plant-TF-Growth-Curves,transcriptic,CEN.PK2_ATAF1_gfp_34283,Experiment,,,SC Media with 200nM beta-estradiol,,,,"['Phosphate Buffered Saline', 'SC Media with 200nM beta-estradiol']",35.0,celsius,0.0339891111425987,False,False,36202659.13681879,0.09526468287674757
r1e7998zhy3gm8,f1,UWBF_23970,YeastSTATES-Beta-Estradiol-OR-Gate-Plant-TF-Growth-Curves,transcriptic,CRISPR_CEN.PK2_negative_control_23970,Control,,,SC Media with 200nM beta-estradiol,,,,"['Phosphate Buffered Saline', 'SC Media with 200nM beta-estradiol']",35.0,celsius,0.03519340234563117,False,False,19.836259941927626,0.055227620455712785
r1e7998zhy3gm8,f10,UWBF_34288,YeastSTATES-Beta-Estradiol-OR-Gate-Plant-TF-Growth-Curves,transcriptic,CEN.PK2_ATAF1_gfp_34288,Experiment,,,SC Media with 200nM beta-estradiol,,,,"['Phosphate Buffered Saline', 'SC Media with 200nM beta-estradiol']",35.0,celsius,0.03320304527484432,True,True,,
r1e7998zhy3gm8,f11,UWBF_34288,YeastSTATES-Beta-Estradiol-OR-Gate-Plant-TF-Growth-Curves,transcriptic,CEN.PK2_ATAF1_gfp_34288,Experiment,,,SC Media with 200nM beta-estradiol,,,,"['Phosphate Buffered Saline', 'SC Media with 200nM beta-estradiol']",35.0,celsius,0.034895163066056875,False,False,53.598465762161275,0.04518567771866538
r1e7998zhy3gm8,f12,UWBF_34288,YeastSTATES-Beta-Estradiol-OR-Gate-Plant-TF-Growth-Curves,transcriptic,CEN.PK2_ATAF1_gfp_34288,Experiment,,,SC Media with 200nM beta-estradiol,,,,"['Phosphate Buffered Saline', 'SC Media with 200nM beta-estradiol']",35.0,celsius,0.03350260895594475,True,True,,
r1e7998zhy3gm8,f3,UWBF_34292,YeastSTATES-Beta-Estradiol-OR-Gate-Plant-TF-Growth-Curves,transcriptic,CEN.PK2_ORE1_sic1_34292,Experiment,,,SC Media with 200nM beta-estradiol,,,,"['Phosphate Buffered Saline', 'SC Media with 200nM beta-estradiol']",35.0,celsius,0.03488691800794632,False,True,,
r1e7998zhy3gm8,f4,UWBF_34292,YeastSTATES-Beta-Estradiol-OR-Gate-Plant-TF-Growth-Curves,transcriptic,CEN.PK2_ORE1_sic1_34292,Experiment,,,SC Media with 200nM beta-estradiol,,,,"['Phosphate Buffered Saline', 'SC Media with 200nM beta-estradiol']",35.0,celsius,0.04673019525885642,False,False,11.463654728043357,0.033455707264674034
r1e7998zhy3gm8,f5,UWBF_34292,YeastSTATES-Beta-Estradiol-OR-Gate-Plant-TF-Growth-Curves,transcriptic,CEN.PK2_ORE1_sic1_34292,Experiment,,,SC Media with 200nM beta-estradiol,,,,"['Phosphate Buffered Saline', 'SC Media with 200nM beta-estradiol']",35.0,celsius,0.03433854736155327,False,True,,
r1e7998zhy3gm8,f6,UWBF_34292,YeastSTATES-Beta-Estradiol-OR-Gate-Plant-TF-Growth-Curves,transcriptic,CEN.PK2_ORE1_sic1_34292,Experiment,,,SC Media with 200nM beta-estradiol,,,,"['Phosphate Buffered Saline', 'SC Media with 200nM beta-estradiol']",35.0,celsius,0.03531070273756478,False,True,,
r1e7998zhy3gm8,f7,UWBF_34292,YeastSTATES-Beta-Estradiol-OR-Gate-Plant-TF-Growth-Curves,transcriptic,CEN.PK2_ORE1_sic1_34292,Experiment,,,SC Media with 200nM beta-estradiol,,,,"['Phosphate Buffered Saline', 'SC Media with 200nM beta-estradiol']",35.0,celsius,0.03388640089057054,False,False,27.18368529904121,0.05451154460985705
r1e7998zhy3gm8,f8,UWBF_34288,YeastSTATES-Beta-Estradiol-OR-Gate-Plant-TF-Growth-Curves,transcriptic,CEN.PK2_ATAF1_gfp_34288,Experiment,,,SC Media with 200nM beta-estradiol,,,,"['Phosphate Buffered Saline', 'SC Media with 200nM beta-estradiol']",35.0,celsius,0.03436162692802867,False,False,8.197071051897447,0.026120743820196645
r1e7998zhy3gm8,f9,UWBF_34288,YeastSTATES-Beta-Estradiol-OR-Gate-Plant-TF-Growth-Curves,transcriptic,CEN.PK2_ATAF1_gfp_34288,Experiment,,,SC Media with 200nM beta-estradiol,,,,"['Phosphate Buffered Saline', 'SC Media with 200nM beta-estradiol']",35.0,celsius,0.034281468678922865,False,False,127085893.41511603,0.11330181148419241
r1e7998zhy3gm8,g10,UWBF_34300,YeastSTATES-Beta-Estradiol-OR-Gate-Plant-TF-Growth-Curves,transcriptic,CEN.PK2_ORE1_gfp_34300,Experiment,,,SC Media with 200nM beta-estradiol,,,,"['Phosphate Buffered Saline', 'SC Media with 200nM beta-estradiol']",35.0,celsius,0.03328926855210943,False,True,,
r1e7998zhy3gm8,g11,UWBF_34300,YeastSTATES-Beta-Estradiol-OR-Gate-Plant-TF-Growth-Curves,transcriptic,CEN.PK2_ORE1_gfp_34300,Experiment,,,SC Media with 200nM beta-estradiol,,,,"['Phosphate Buffered Saline', 'SC Media with 200nM beta-estradiol']",35.0,celsius,0.03544866228980118,False,False,15.98863700254982,0.04411812930086414
r1e7998zhy3gm8,g12,UWBF_34300,YeastSTATES-Beta-Estradiol-OR-Gate-Plant-TF-Growth-Curves,transcriptic,CEN.PK2_ORE1_gfp_34300,Experiment,,,SC Media with 200nM beta-estradiol,,,,"['Phosphate Buffered Saline', 'SC Media with 200nM beta-estradiol']",35.0,celsius,0.03380545511024108,False,False,16.649769323391002,0.04744252990248459
r1e7998zhy3gm8,g3,UWBF_34298,YeastSTATES-Beta-Estradiol-OR-Gate-Plant-TF-Growth-Curves,transcriptic,CEN.PK2_ORE1_sic1_34298,Experiment,,,SC Media with 200nM beta-estradiol,,,,"['Phosphate Buffered Saline', 'SC Media with 200nM beta-estradiol']",35.0,celsius,0.03543229194680673,False,False,15.886006377444758,0.05176817063758272
r1e7998zhy3gm8,g4,UWBF_34298,YeastSTATES-Beta-Estradiol-OR-Gate-Plant-TF-Growth-Curves,transcriptic,CEN.PK2_ORE1_sic1_34298,Experiment,,,SC Media with 200nM beta-estradiol,,,,"['Phosphate Buffered Saline', 'SC Media with 200nM beta-estradiol']",35.0,celsius,0.034636117240485716,False,True,,
r1e7998zhy3gm8,g5,UWBF_34298,YeastSTATES-Beta-Estradiol-OR-Gate-Plant-TF-Growth-Curves,transcriptic,CEN.PK2_ORE1_sic1_34298,Experiment,,,SC Media with 200nM beta-estradiol,,,,"['Phosphate Buffered Saline', 'SC Media with 200nM beta-estradiol']",35.0,celsius,0.033898093815766896,False,True,,
r1e7998zhy3gm8,g6,UWBF_34298,YeastSTATES-Beta-Estradiol-OR-Gate-Plant-TF-Growth-Curves,transcriptic,CEN.PK2_ORE1_sic1_34298,Experiment,,,SC Media with 200nM beta-estradiol,,,,"['Phosphate Buffered Saline', 'SC Media with 200nM beta-estradiol']",35.0,celsius,0.03395494808975221,False,True,,
r1e7998zhy3gm8,g7,UWBF_34298,YeastSTATES-Beta-Estradiol-OR-Gate-Plant-TF-Growth-Curves,transcriptic,CEN.PK2_ORE1_sic1_34298,Experiment,,,SC Media with 200nM beta-estradiol,,,,"['Phosphate Buffered Saline', 'SC Media with 200nM beta-estradiol']",35.0,celsius,0.03532678303340848,False,True,,
r1e7998zhy3gm8,g8,UWBF_34300,YeastSTATES-Beta-Estradiol-OR-Gate-Plant-TF-Growth-Curves,transcriptic,CEN.PK2_ORE1_gfp_34300,Experiment,,,SC Media with 200nM beta-estradiol,,,,"['Phosphate Buffered Saline', 'SC Media with 200nM beta-estradiol']",35.0,celsius,0.03436537126302358,False,True,,
r1e7998zhy3gm8,g9,UWBF_34300,YeastSTATES-Beta-Estradiol-OR-Gate-Plant-TF-Growth-Curves,transcriptic,CEN.PK2_ORE1_gfp_34300,Experiment,,,SC Media with 200nM beta-estradiol,,,,"['Phosphate Buffered Saline', 'SC Media with 200nM beta-estradiol']",35.0,celsius,0.03433968701856988,False,False,14.520912782762398,0.03893009831413447
r1e7998zhy3gm8,h10,UWBF_34294,YeastSTATES-Beta-Estradiol-OR-Gate-Plant-TF-Growth-Curves,transcriptic,CEN.PK2_ORE1_gfp_34294,Experiment,,,SC Media with 200nM beta-estradiol,,,,"['Phosphate Buffered Saline', 'SC Media with 200nM beta-estradiol']",35.0,celsius,0.03468351870062968,False,False,17.751275805428662,0.06119981992053694
r1e7998zhy3gm8,h11,UWBF_34294,YeastSTATES-Beta-Estradiol-OR-Gate-Plant-TF-Growth-Curves,transcriptic,CEN.PK2_ORE1_gfp_34294,Experiment,,,SC Media with 200nM beta-estradiol,,,,"['Phosphate Buffered Saline', 'SC Media with 200nM beta-estradiol']",35.0,celsius,0.03888333648879627,False,False,9.055103903577582,0.02716974311784739
r1e7998zhy3gm8,h12,UWBF_34294,YeastSTATES-Beta-Estradiol-OR-Gate-Plant-TF-Growth-Curves,transcriptic,CEN.PK2_ORE1_gfp_34294,Experiment,,,SC Media with 200nM beta-estradiol,,,,"['Phosphate Buffered Saline', 'SC Media with 200nM beta-estradiol']",35.0,celsius,0.033248748341411526,False,False,9.84947995408976,0.03838319065208144
r1e7998zhy3gm8,h3,UWBF_34282,YeastSTATES-Beta-Estradiol-OR-Gate-Plant-TF-Growth-Curves,transcriptic,CEN.PK2_ATAF1_gfp_34282,Experiment,,,SC Media with 200nM beta-estradiol,,,,"['Phosphate Buffered Saline', 'SC Media with 200nM beta-estradiol']",35.0,celsius,0.033078155262238444,False,True,,
r1e7998zhy3gm8,h4,UWBF_34282,YeastSTATES-Beta-Estradiol-OR-Gate-Plant-TF-Growth-Curves,transcriptic,CEN.PK2_ATAF1_gfp_34282,Experiment,,,SC Media with 200nM beta-estradiol,,,,"['Phosphate Buffered Saline', 'SC Media with 200nM beta-estradiol']",35.0,celsius,0.03325699097275157,False,True,,
r1e7998zhy3gm8,h5,UWBF_34282,YeastSTATES-Beta-Estradiol-OR-Gate-Plant-TF-Growth-Curves,transcriptic,CEN.PK2_ATAF1_gfp_34282,Experiment,,,SC Media with 200nM beta-estradiol,,,,"['Phosphate Buffered Saline', 'SC Media with 200nM beta-estradiol']",35.0,celsius,0.034541195832132165,False,True,,
r1e7998zhy3gm8,h6,UWBF_34282,YeastSTATES-Beta-Estradiol-OR-Gate-Plant-TF-Growth-Curves,transcriptic,CEN.PK2_ATAF1_gfp_34282,Experiment,,,SC Media with 200nM beta-estradiol,,,,"['Phosphate Buffered Saline', 'SC Media with 200nM beta-estradiol']",35.0,celsius,0.03366190204901425,False,True,,
r1e7998zhy3gm8,h7,UWBF_34282,YeastSTATES-Beta-Estradiol-OR-Gate-Plant-TF-Growth-Curves,transcriptic,CEN.PK2_ATAF1_gfp_34282,Experiment,,,SC Media with 200nM beta-estradiol,,,,"['Phosphate Buffered Saline', 'SC Media with 200nM beta-estradiol']",35.0,celsius,0.0326197144655997,False,True,,
r1e7998zhy3gm8,h8,UWBF_34294,YeastSTATES-Beta-Estradiol-OR-Gate-Plant-TF-Growth-Curves,transcriptic,CEN.PK2_ORE1_gfp_34294,Experiment,,,SC Media with 200nM beta-estradiol,,,,"['Phosphate Buffered Saline', 'SC Media with 200nM beta-estradiol']",35.0,celsius,0.033139199660454775,False,True,,
r1e7998zhy3gm8,h9,UWBF_34294,YeastSTATES-Beta-Estradiol-OR-Gate-Plant-TF-Growth-Curves,transcriptic,CEN.PK2_ORE1_gfp_34294,Experiment,,,SC Media with 200nM beta-estradiol,,,,"['Phosphate Buffered Saline', 'SC Media with 200nM beta-estradiol']",35.0,celsius,0.033595845622452984,False,False,12.808294667783459,0.03900247485122873
r1e799aatfy8kv,a1,UWBF_6390,YeastSTATES-Beta-Estradiol-OR-Gate-Plant-TF-Growth-Curves,transcriptic,CRISPR_w303_positive_control_NOR_00_6390,Control,,,Synthetic_Complete,,,,"['Phosphate Buffered Saline', 'Synthetic_Complete']",35.0,celsius,0.033946241055998416,False,False,19.03584540768458,0.07818102204380593
r1e799aatfy8kv,a10,UWBF_25784,YeastSTATES-Beta-Estradiol-OR-Gate-Plant-TF-Growth-Curves,transcriptic,CRISPR_CEN.PK2_inducible_FP_25784,Control,,,Synthetic_Complete,,,,"['Phosphate Buffered Saline', 'Synthetic_Complete']",35.0,celsius,0.03278643121379498,False,False,27.50786212407185,0.11597231311149736
r1e799aatfy8kv,a11,UWBF_25784,YeastSTATES-Beta-Estradiol-OR-Gate-Plant-TF-Growth-Curves,transcriptic,CRISPR_CEN.PK2_inducible_FP_25784,Control,,,Synthetic_Complete,,,,"['Phosphate Buffered Saline', 'Synthetic_Complete']",35.0,celsius,0.03365463781058658,False,False,17.88787005311462,0.05867392994219025
r1e799aatfy8kv,a12,UWBF_25784,YeastSTATES-Beta-Estradiol-OR-Gate-Plant-TF-Growth-Curves,transcriptic,CRISPR_CEN.PK2_inducible_FP_25784,Control,,,Synthetic_Complete,,,,"['Phosphate Buffered Saline', 'Synthetic_Complete']",35.0,celsius,0.035131777394214685,False,False,48.919180802762,0.08364596567441204
r1e799aatfy8kv,a2,UWBF_24864,YeastSTATES-Beta-Estradiol-OR-Gate-Plant-TF-Growth-Curves,transcriptic,CRISPR_CEN.PK2_positive_control_NOR_00_24864,Control,,,Synthetic_Complete,,,,"['Phosphate Buffered Saline', 'Synthetic_Complete']",35.0,celsius,0.032775008521292316,False,False,12.39923603798462,0.03566209562393634
r1e799aatfy8kv,a3,UWBF_24864,YeastSTATES-Beta-Estradiol-OR-Gate-Plant-TF-Growth-Curves,transcriptic,CRISPR_CEN.PK2_positive_control_NOR_00_24864,Control,,,Synthetic_Complete,,,,"['Phosphate Buffered Saline', 'Synthetic_Complete']",35.0,celsius,0.034402856905203866,False,True,,
r1e799aatfy8kv,a4,UWBF_24864,YeastSTATES-Beta-Estradiol-OR-Gate-Plant-TF-Growth-Curves,transcriptic,CRISPR_CEN.PK2_positive_control_NOR_00_24864,Control,,,Synthetic_Complete,,,,"['Phosphate Buffered Saline', 'Synthetic_Complete']",35.0,celsius,0.03455112436017304,False,True,,
r1e799aatfy8kv,a5,UWBF_24864,YeastSTATES-Beta-Estradiol-OR-Gate-Plant-TF-Growth-Curves,transcriptic,CRISPR_CEN.PK2_positive_control_NOR_00_24864,Control,,,Synthetic_Complete,,,,"['Phosphate Buffered Saline', 'Synthetic_Complete']",35.0,celsius,0.033026619406406166,False,False,31.402864399162848,0.07593665833611878
r1e799aatfy8kv,a6,UWBF_24864,YeastSTATES-Beta-Estradiol-OR-Gate-Plant-TF-Growth-Curves,transcriptic,CRISPR_CEN.PK2_positive_control_NOR_00_24864,Control,,,Synthetic_Complete,,,,"['Phosphate Buffered Saline', 'Synthetic_Complete']",35.0,celsius,0.0330532435128589,False,False,37.392664798985834,0.10325070047612561
r1e799aatfy8kv,a7,UWBF_24864,YeastSTATES-Beta-Estradiol-OR-Gate-Plant-TF-Growth-Curves,transcriptic,CRISPR_CEN.PK2_positive_control_NOR_00_24864,Control,,,Synthetic_Complete,,,,"['Phosphate Buffered Saline', 'Synthetic_Complete']",35.0,celsius,0.03340311534771187,False,True,,
r1e799aatfy8kv,a8,UWBF_25784,YeastSTATES-Beta-Estradiol-OR-Gate-Plant-TF-Growth-Curves,transcriptic,CRISPR_CEN.PK2_inducible_FP_25784,Control,,,Synthetic_Complete,,,,"['Phosphate Buffered Saline', 'Synthetic_Complete']",35.0,celsius,0.03417653576264173,False,False,36.46693488432391,0.06675654172184262
r1e799aatfy8kv,a9,UWBF_25784,YeastSTATES-Beta-Estradiol-OR-Gate-Plant-TF-Growth-Curves,transcriptic,CRISPR_CEN.PK2_inducible_FP_25784,Control,,,Synthetic_Complete,,,,"['Phosphate Buffered Saline', 'Synthetic_Complete']",35.0,celsius,0.03333991913456046,False,False,20.05437543184842,0.06453705840594003
r1e799aatfy8kv,b1,UWBF_6390,YeastSTATES-Beta-Estradiol-OR-Gate-Plant-TF-Growth-Curves,transcriptic,CRISPR_w303_positive_control_NOR_00_6390,Control,,,Synthetic_Complete,,,,"['Phosphate Buffered Saline', 'Synthetic_Complete']",35.0,celsius,0.03484476414726915,False,False,9.753946017240631,0.028234946295767206
r1e799aatfy8kv,b10,UWBF_34287,YeastSTATES-Beta-Estradiol-OR-Gate-Plant-TF-Growth-Curves,transcriptic,CEN.PK2_ATAF1_gfp_34287,Experiment,,,Synthetic_Complete,,,,"['Phosphate Buffered Saline', 'Synthetic_Complete']",35.0,celsius,0.03503131236206257,False,True,,
r1e799aatfy8kv,b11,UWBF_34287,YeastSTATES-Beta-Estradiol-OR-Gate-Plant-TF-Growth-Curves,transcriptic,CEN.PK2_ATAF1_gfp_34287,Experiment,,,Synthetic_Complete,,,,"['Phosphate Buffered Saline', 'Synthetic_Complete']",35.0,celsius,0.0341060035129368,True,True,,
r1e799aatfy8kv,b12,UWBF_34287,YeastSTATES-Beta-Estradiol-OR-Gate-Plant-TF-Growth-Curves,transcriptic,CEN.PK2_ATAF1_gfp_34287,Experiment,,,Synthetic_Complete,,,,"['Phosphate Buffered Saline', 'Synthetic_Complete']",35.0,celsius,0.03483654635421711,False,True,,
r1e799aatfy8kv,b2,UWBF_24864,YeastSTATES-Beta-Estradiol-OR-Gate-Plant-TF-Growth-Curves,transcriptic,CRISPR_CEN.PK2_positive_control_NOR_00_24864,Control,,,Synthetic_Complete,,,,"['Phosphate Buffered Saline', 'Synthetic_Complete']",35.0,celsius,0.03603205028659995,False,False,22.356357975884485,0.06688871545663941
r1e799aatfy8kv,b3,UWBF_34293,YeastSTATES-Beta-Estradiol-OR-Gate-Plant-TF-Growth-Curves,transcriptic,CEN.PK2_ORE1_gfp_34293,Experiment,,,Synthetic_Complete,,,,"['Phosphate Buffered Saline', 'Synthetic_Complete']",35.0,celsius,0.03271017437506195,False,False,11.882604712023362,0.03189933100108868
r1e799aatfy8kv,b4,UWBF_34293,YeastSTATES-Beta-Estradiol-OR-Gate-Plant-TF-Growth-Curves,transcriptic,CEN.PK2_ORE1_gfp_34293,Experiment,,,Synthetic_Complete,,,,"['Phosphate Buffered Saline', 'Synthetic_Complete']",35.0,celsius,0.03456720521394874,False,False,12.94584234729402,0.03734819737105403
r1e799aatfy8kv,b5,UWBF_34293,YeastSTATES-Beta-Estradiol-OR-Gate-Plant-TF-Growth-Curves,transcriptic,CEN.PK2_ORE1_gfp_34293,Experiment,,,Synthetic_Complete,,,,"['Phosphate Buffered Saline', 'Synthetic_Complete']",35.0,celsius,0.03462800036245532,False,False,21.215737047339335,0.053176799888877566
r1e799aatfy8kv,b6,UWBF_34293,YeastSTATES-Beta-Estradiol-OR-Gate-Plant-TF-Growth-Curves,transcriptic,CEN.PK2_ORE1_gfp_34293,Experiment,,,Synthetic_Complete,,,,"['Phosphate Buffered Saline', 'Synthetic_Complete']",35.0,celsius,0.03482894669310122,False,False,24.532824483247055,0.07254819567781022
r1e799aatfy8kv,b7,UWBF_34293,YeastSTATES-Beta-Estradiol-OR-Gate-Plant-TF-Growth-Curves,transcriptic,CEN.PK2_ORE1_gfp_34293,Experiment,,,Synthetic_Complete,,,,"['Phosphate Buffered Saline', 'Synthetic_Complete']",35.0,celsius,0.03418199132419049,False,False,27.179926138054476,0.08889391020039866
r1e799aatfy8kv,b8,UWBF_34287,YeastSTATES-Beta-Estradiol-OR-Gate-Plant-TF-Growth-Curves,transcriptic,CEN.PK2_ATAF1_gfp_34287,Experiment,,,Synthetic_Complete,,,,"['Phosphate Buffered Saline', 'Synthetic_Complete']",35.0,celsius,0.03329890027303657,False,False,85829561.13896401,0.07451376346460889
r1e799aatfy8kv,b9,UWBF_34287,YeastSTATES-Beta-Estradiol-OR-Gate-Plant-TF-Growth-Curves,transcriptic,CEN.PK2_ATAF1_gfp_34287,Experiment,,,Synthetic_Complete,,,,"['Phosphate Buffered Saline', 'Synthetic_Complete']",35.0,celsius,0.03412193988694979,False,False,24.994581820643624,0.049841857035501605
r1e799aatfy8kv,c1,UWBF_6390,YeastSTATES-Beta-Estradiol-OR-Gate-Plant-TF-Growth-Curves,transcriptic,CRISPR_w303_positive_control_NOR_00_6390,Control,,,Synthetic_Complete,,,,"['Phosphate Buffered Saline', 'Synthetic_Complete']",35.0,celsius,0.034259784894726364,False,False,8.532708416250431,0.023331072130247234
r1e799aatfy8kv,c10,UWBF_34285,YeastSTATES-Beta-Estradiol-OR-Gate-Plant-TF-Growth-Curves,transcriptic,CEN.PK2_ATAF1_sic1_gfp_34285,Experiment,,,Synthetic_Complete,,,,"['Phosphate Buffered Saline', 'Synthetic_Complete']",35.0,celsius,0.03490511609983701,False,True,,
r1e799aatfy8kv,c11,UWBF_34285,YeastSTATES-Beta-Estradiol-OR-Gate-Plant-TF-Growth-Curves,transcriptic,CEN.PK2_ATAF1_sic1_gfp_34285,Experiment,,,Synthetic_Complete,,,,"['Phosphate Buffered Saline', 'Synthetic_Complete']",35.0,celsius,0.03381548822961703,False,False,1.4851068627402049,4.8430667870969024e-06
r1e799aatfy8kv,c12,UWBF_34285,YeastSTATES-Beta-Estradiol-OR-Gate-Plant-TF-Growth-Curves,transcriptic,CEN.PK2_ATAF1_sic1_gfp_34285,Experiment,,,Synthetic_Complete,,,,"['Phosphate Buffered Saline', 'Synthetic_Complete']",35.0,celsius,0.03487470170391487,False,True,,
r1e799aatfy8kv,c2,UWBF_24864,YeastSTATES-Beta-Estradiol-OR-Gate-Plant-TF-Growth-Curves,transcriptic,CRISPR_CEN.PK2_positive_control_NOR_00_24864,Control,,,Synthetic_Complete,,,,"['Phosphate Buffered Saline', 'Synthetic_Complete']",35.0,celsius,0.035728573481894114,False,False,29.023946786582982,0.07370784052943855
r1e799aatfy8kv,c3,UWBF_34299,YeastSTATES-Beta-Estradiol-OR-Gate-Plant-TF-Growth-Curves,transcriptic,CEN.PK2_ORE1_gfp_34299,Experiment,,,Synthetic_Complete,,,,"['Phosphate Buffered Saline', 'Synthetic_Complete']",35.0,celsius,0.03314903100892833,False,True,,
r1e799aatfy8kv,c4,UWBF_34299,YeastSTATES-Beta-Estradiol-OR-Gate-Plant-TF-Growth-Curves,transcriptic,CEN.PK2_ORE1_gfp_34299,Experiment,,,Synthetic_Complete,,,,"['Phosphate Buffered Saline', 'Synthetic_Complete']",35.0,celsius,0.0350113416807254,False,False,10.792751194576477,0.03546390113881115
r1e799aatfy8kv,c5,UWBF_34299,YeastSTATES-Beta-Estradiol-OR-Gate-Plant-TF-Growth-Curves,transcriptic,CEN.PK2_ORE1_gfp_34299,Experiment,,,Synthetic_Complete,,,,"['Phosphate Buffered Saline', 'Synthetic_Complete']",35.0,celsius,0.03470295721427465,False,False,24.372468969701654,0.08013765297273515
r1e799aatfy8kv,c6,UWBF_34299,YeastSTATES-Beta-Estradiol-OR-Gate-Plant-TF-Growth-Curves,transcriptic,CEN.PK2_ORE1_gfp_34299,Experiment,,,Synthetic_Complete,,,,"['Phosphate Buffered Saline', 'Synthetic_Complete']",35.0,celsius,0.03403747397370779,False,False,20.925472389800046,0.06775957096939511
r1e799aatfy8kv,c7,UWBF_34299,YeastSTATES-Beta-Estradiol-OR-Gate-Plant-TF-Growth-Curves,transcriptic,CEN.PK2_ORE1_gfp_34299,Experiment,,,Synthetic_Complete,,,,"['Phosphate Buffered Saline', 'Synthetic_Complete']",35.0,celsius,0.035322898277250644,False,False,20.977582776433692,0.07142080564253504
r1e799aatfy8kv,c8,UWBF_34285,YeastSTATES-Beta-Estradiol-OR-Gate-Plant-TF-Growth-Curves,transcriptic,CEN.PK2_ATAF1_sic1_gfp_34285,Experiment,,,Synthetic_Complete,,,,"['Phosphate Buffered Saline', 'Synthetic_Complete']",35.0,celsius,0.033241731655487376,False,False,3.274717239869829,0.003131573297423079
r1e799aatfy8kv,c9,UWBF_34285,YeastSTATES-Beta-Estradiol-OR-Gate-Plant-TF-Growth-Curves,transcriptic,CEN.PK2_ATAF1_sic1_gfp_34285,Experiment,,,Synthetic_Complete,,,,"['Phosphate Buffered Saline', 'Synthetic_Complete']",35.0,celsius,0.0341751794668364,False,False,7.281746737000293,0.026932003079306297
r1e799aatfy8kv,d1,UWBF_23970,YeastSTATES-Beta-Estradiol-OR-Gate-Plant-TF-Growth-Curves,transcriptic,CRISPR_CEN.PK2_negative_control_23970,Control,,,Synthetic_Complete,,,,"['Phosphate Buffered Saline', 'Synthetic_Complete']",35.0,celsius,0.03416670369368667,False,True,,
r1e799aatfy8kv,d10,UWBF_34280,YeastSTATES-Beta-Estradiol-OR-Gate-Plant-TF-Growth-Curves,transcriptic,CEN.PK2_ATAF1_sic1_gfp_34280,Experiment,,,Synthetic_Complete,,,,"['Phosphate Buffered Saline', 'Synthetic_Complete']",35.0,celsius,0.0353169933903899,False,False,23.058639248072694,0.03799511711558903
r1e799aatfy8kv,d11,UWBF_34280,YeastSTATES-Beta-Estradiol-OR-Gate-Plant-TF-Growth-Curves,transcriptic,CEN.PK2_ATAF1_sic1_gfp_34280,Experiment,,,Synthetic_Complete,,,,"['Phosphate Buffered Saline', 'Synthetic_Complete']",35.0,celsius,0.03425237608439997,True,True,,
r1e799aatfy8kv,d12,UWBF_34280,YeastSTATES-Beta-Estradiol-OR-Gate-Plant-TF-Growth-Curves,transcriptic,CEN.PK2_ATAF1_sic1_gfp_34280,Experiment,,,Synthetic_Complete,,,,"['Phosphate Buffered Saline', 'Synthetic_Complete']",35.0,celsius,0.03441437003940557,True,True,,
r1e799aatfy8kv,d2,MediaControl,YeastSTATES-Beta-Estradiol-OR-Gate-Plant-TF-Growth-Curves,transcriptic,Media_control,Blank,MEDIA_BLANK,,Synthetic_Complete,,,,"['Phosphate Buffered Saline', 'Synthetic_Complete']",35.0,celsius,0.034555108710797346,False,False,,
r1e799aatfy8kv,d3,UWBF_34296,YeastSTATES-Beta-Estradiol-OR-Gate-Plant-TF-Growth-Curves,transcriptic,CEN.PK2_ORE1_sic1_gfp_34296,Experiment,,,Synthetic_Complete,,,,"['Phosphate Buffered Saline', 'Synthetic_Complete']",35.0,celsius,0.03415979904823012,False,False,38.06598907144094,0.09125361729307102
r1e799aatfy8kv,d4,UWBF_34296,YeastSTATES-Beta-Estradiol-OR-Gate-Plant-TF-Growth-Curves,transcriptic,CEN.PK2_ORE1_sic1_gfp_34296,Experiment,,,Synthetic_Complete,,,,"['Phosphate Buffered Saline', 'Synthetic_Complete']",35.0,celsius,0.03385891683627687,False,False,22.15029467251081,0.07379681406220623
r1e799aatfy8kv,d5,UWBF_34296,YeastSTATES-Beta-Estradiol-OR-Gate-Plant-TF-Growth-Curves,transcriptic,CEN.PK2_ORE1_sic1_gfp_34296,Experiment,,,Synthetic_Complete,,,,"['Phosphate Buffered Saline', 'Synthetic_Complete']",35.0,celsius,0.033325189742993665,False,False,20.05053911792014,0.06026046273465079
r1e799aatfy8kv,d6,UWBF_34296,YeastSTATES-Beta-Estradiol-OR-Gate-Plant-TF-Growth-Curves,transcriptic,CEN.PK2_ORE1_sic1_gfp_34296,Experiment,,,Synthetic_Complete,,,,"['Phosphate Buffered Saline', 'Synthetic_Complete']",35.0,celsius,0.034740604779177335,False,False,17.929623245278982,0.10240589979362852
r1e799aatfy8kv,d7,UWBF_34296,YeastSTATES-Beta-Estradiol-OR-Gate-Plant-TF-Growth-Curves,transcriptic,CEN.PK2_ORE1_sic1_gfp_34296,Experiment,,,Synthetic_Complete,,,,"['Phosphate Buffered Saline', 'Synthetic_Complete']",35.0,celsius,0.03317393647486675,False,False,12.752091465538605,0.08850797313573762
r1e799aatfy8kv,d8,UWBF_34280,YeastSTATES-Beta-Estradiol-OR-Gate-Plant-TF-Growth-Curves,transcriptic,CEN.PK2_ATAF1_sic1_gfp_34280,Experiment,,,Synthetic_Complete,,,,"['Phosphate Buffered Saline', 'Synthetic_Complete']",35.0,celsius,0.034116482012448414,False,False,79662882.20218432,0.07761613405940973
r1e799aatfy8kv,d9,UWBF_34280,YeastSTATES-Beta-Estradiol-OR-Gate-Plant-TF-Growth-Curves,transcriptic,CEN.PK2_ATAF1_sic1_gfp_34280,Experiment,,,Synthetic_Complete,,,,"['Phosphate Buffered Saline', 'Synthetic_Complete']",35.0,celsius,0.036462006890232684,False,False,190886510.74575406,0.08826208393780915
r1e799aatfy8kv,e1,UWBF_23970,YeastSTATES-Beta-Estradiol-OR-Gate-Plant-TF-Growth-Curves,transcriptic,CRISPR_CEN.PK2_negative_control_23970,Control,,,Synthetic_Complete,,,,"['Phosphate Buffered Saline', 'Synthetic_Complete']",35.0,celsius,0.03509665133082232,False,False,14.469900856869568,0.038262125896115794
r1e799aatfy8kv,e10,UWBF_34283,YeastSTATES-Beta-Estradiol-OR-Gate-Plant-TF-Growth-Curves,transcriptic,CEN.PK2_ATAF1_gfp_34283,Experiment,,,Synthetic_Complete,,,,"['Phosphate Buffered Saline', 'Synthetic_Complete']",35.0,celsius,0.03352313089296696,True,True,,
r1e799aatfy8kv,e11,UWBF_34283,YeastSTATES-Beta-Estradiol-OR-Gate-Plant-TF-Growth-Curves,transcriptic,CEN.PK2_ATAF1_gfp_34283,Experiment,,,Synthetic_Complete,,,,"['Phosphate Buffered Saline', 'Synthetic_Complete']",35.0,celsius,0.03476049823127581,True,True,,
r1e799aatfy8kv,e12,UWBF_34283,YeastSTATES-Beta-Estradiol-OR-Gate-Plant-TF-Growth-Curves,transcriptic,CEN.PK2_ATAF1_gfp_34283,Experiment,,,Synthetic_Complete,,,,"['Phosphate Buffered Saline', 'Synthetic_Complete']",35.0,celsius,0.03287051303893992,False,False,1.4733255407521062,4.228571125837229e-06
r1e799aatfy8kv,e2,MediaControl,YeastSTATES-Beta-Estradiol-OR-Gate-Plant-TF-Growth-Curves,transcriptic,Media_control,Blank,MEDIA_BLANK,,Synthetic_Complete,,,,"['Phosphate Buffered Saline', 'Synthetic_Complete']",35.0,celsius,0.034310511865466436,False,False,,
r1e799aatfy8kv,e3,UWBF_34290,YeastSTATES-Beta-Estradiol-OR-Gate-Plant-TF-Growth-Curves,transcriptic,CEN.PK2_ORE1_sic1_gfp_34290,Experiment,,,Synthetic_Complete,,,,"['Phosphate Buffered Saline', 'Synthetic_Complete']",35.0,celsius,0.0339990279220234,False,False,104.34596847642614,0.08650478206090659
r1e799aatfy8kv,e4,UWBF_34290,YeastSTATES-Beta-Estradiol-OR-Gate-Plant-TF-Growth-Curves,transcriptic,CEN.PK2_ORE1_sic1_gfp_34290,Experiment,,,Synthetic_Complete,,,,"['Phosphate Buffered Saline', 'Synthetic_Complete']",35.0,celsius,0.03389822038712804,False,False,12.873296557989066,0.06151930147255066
r1e799aatfy8kv,e5,UWBF_34290,YeastSTATES-Beta-Estradiol-OR-Gate-Plant-TF-Growth-Curves,transcriptic,CEN.PK2_ORE1_sic1_gfp_34290,Experiment,,,Synthetic_Complete,,,,"['Phosphate Buffered Saline', 'Synthetic_Complete']",35.0,celsius,0.03404060886431051,False,False,13.397769348629135,0.0664902222338557
r1e799aatfy8kv,e6,UWBF_34290,YeastSTATES-Beta-Estradiol-OR-Gate-Plant-TF-Growth-Curves,transcriptic,CEN.PK2_ORE1_sic1_gfp_34290,Experiment,,,Synthetic_Complete,,,,"['Phosphate Buffered Saline', 'Synthetic_Complete']",35.0,celsius,0.032564222466571695,False,False,16.037352890512924,0.07570307776106429
r1e799aatfy8kv,e7,UWBF_34290,YeastSTATES-Beta-Estradiol-OR-Gate-Plant-TF-Growth-Curves,transcriptic,CEN.PK2_ORE1_sic1_gfp_34290,Experiment,,,Synthetic_Complete,,,,"['Phosphate Buffered Saline', 'Synthetic_Complete']",35.0,celsius,0.03470814712674086,False,False,10.682032434749756,0.10162843593125634
r1e799aatfy8kv,e8,UWBF_34283,YeastSTATES-Beta-Estradiol-OR-Gate-Plant-TF-Growth-Curves,transcriptic,CEN.PK2_ATAF1_gfp_34283,Experiment,,,Synthetic_Complete,,,,"['Phosphate Buffered Saline', 'Synthetic_Complete']",35.0,celsius,0.03275051515704409,False,False,1.4256814726181875,3.1346817823561045e-06
r1e799aatfy8kv,e9,UWBF_34283,YeastSTATES-Beta-Estradiol-OR-Gate-Plant-TF-Growth-Curves,transcriptic,CEN.PK2_ATAF1_gfp_34283,Experiment,,,Synthetic_Complete,,,,"['Phosphate Buffered Saline', 'Synthetic_Complete']",35.0,celsius,0.03417929530542708,True,True,,
r1e799aatfy8kv,f1,UWBF_23970,YeastSTATES-Beta-Estradiol-OR-Gate-Plant-TF-Growth-Curves,transcriptic,CRISPR_CEN.PK2_negative_control_23970,Control,,,Synthetic_Complete,,,,"['Phosphate Buffered Saline', 'Synthetic_Complete']",35.0,celsius,0.034815452359431384,False,False,14.266010481237526,0.04506970274647155
r1e799aatfy8kv,f10,UWBF_34288,YeastSTATES-Beta-Estradiol-OR-Gate-Plant-TF-Growth-Curves,transcriptic,CEN.PK2_ATAF1_gfp_34288,Experiment,,,Synthetic_Complete,,,,"['Phosphate Buffered Saline', 'Synthetic_Complete']",35.0,celsius,0.033234719217617344,True,True,,
r1e799aatfy8kv,f11,UWBF_34288,YeastSTATES-Beta-Estradiol-OR-Gate-Plant-TF-Growth-Curves,transcriptic,CEN.PK2_ATAF1_gfp_34288,Experiment,,,Synthetic_Complete,,,,"['Phosphate Buffered Saline', 'Synthetic_Complete']",35.0,celsius,0.03459163902700524,True,True,,
r1e799aatfy8kv,f12,UWBF_34288,YeastSTATES-Beta-Estradiol-OR-Gate-Plant-TF-Growth-Curves,transcriptic,CEN.PK2_ATAF1_gfp_34288,Experiment,,,Synthetic_Complete,,,,"['Phosphate Buffered Saline', 'Synthetic_Complete']",35.0,celsius,0.033172171602602385,True,True,,
r1e799aatfy8kv,f3,UWBF_34292,YeastSTATES-Beta-Estradiol-OR-Gate-Plant-TF-Growth-Curves,transcriptic,CEN.PK2_ORE1_sic1_34292,Experiment,,,Synthetic_Complete,,,,"['Phosphate Buffered Saline', 'Synthetic_Complete']",35.0,celsius,0.034675161694208034,False,False,16.74108079749371,0.058990579435119275
r1e799aatfy8kv,f4,UWBF_34292,YeastSTATES-Beta-Estradiol-OR-Gate-Plant-TF-Growth-Curves,transcriptic,CEN.PK2_ORE1_sic1_34292,Experiment,,,Synthetic_Complete,,,,"['Phosphate Buffered Saline', 'Synthetic_Complete']",35.0,celsius,0.0337403564334715,False,False,15.01087647982612,0.10013239451640288
r1e799aatfy8kv,f5,UWBF_34292,YeastSTATES-Beta-Estradiol-OR-Gate-Plant-TF-Growth-Curves,transcriptic,CEN.PK2_ORE1_sic1_34292,Experiment,,,Synthetic_Complete,,,,"['Phosphate Buffered Saline', 'Synthetic_Complete']",35.0,celsius,0.03398968952186439,False,False,12.812696760628398,0.06223971869656322
r1e799aatfy8kv,f6,UWBF_34292,YeastSTATES-Beta-Estradiol-OR-Gate-Plant-TF-Growth-Curves,transcriptic,CEN.PK2_ORE1_sic1_34292,Experiment,,,Synthetic_Complete,,,,"['Phosphate Buffered Saline', 'Synthetic_Complete']",35.0,celsius,0.035593664599316316,False,False,11.643784149302022,0.03925280586067293
r1e799aatfy8kv,f7,UWBF_34292,YeastSTATES-Beta-Estradiol-OR-Gate-Plant-TF-Growth-Curves,transcriptic,CEN.PK2_ORE1_sic1_34292,Experiment,,,Synthetic_Complete,,,,"['Phosphate Buffered Saline', 'Synthetic_Complete']",35.0,celsius,0.03391997640501874,False,False,7.7801049209614055,0.07022143161942664
r1e799aatfy8kv,f8,UWBF_34288,YeastSTATES-Beta-Estradiol-OR-Gate-Plant-TF-Growth-Curves,transcriptic,CEN.PK2_ATAF1_gfp_34288,Experiment,,,Synthetic_Complete,,,,"['Phosphate Buffered Saline', 'Synthetic_Complete']",35.0,celsius,0.03465387344445045,True,True,,
r1e799aatfy8kv,f9,UWBF_34288,YeastSTATES-Beta-Estradiol-OR-Gate-Plant-TF-Growth-Curves,transcriptic,CEN.PK2_ATAF1_gfp_34288,Experiment,,,Synthetic_Complete,,,,"['Phosphate Buffered Saline', 'Synthetic_Complete']",35.0,celsius,0.03671500152387788,True,True,,
r1e799aatfy8kv,g10,UWBF_34300,YeastSTATES-Beta-Estradiol-OR-Gate-Plant-TF-Growth-Curves,transcriptic,CEN.PK2_ORE1_gfp_34300,Experiment,,,Synthetic_Complete,,,,"['Phosphate Buffered Saline', 'Synthetic_Complete']",35.0,celsius,0.033338205651938735,False,False,11.54812621692537,0.04036553417864361
r1e799aatfy8kv,g11,UWBF_34300,YeastSTATES-Beta-Estradiol-OR-Gate-Plant-TF-Growth-Curves,transcriptic,CEN.PK2_ORE1_gfp_34300,Experiment,,,Synthetic_Complete,,,,"['Phosphate Buffered Saline', 'Synthetic_Complete']",35.0,celsius,0.0352136097009219,False,False,16.14737513400747,0.09696608298265696
r1e799aatfy8kv,g12,UWBF_34300,YeastSTATES-Beta-Estradiol-OR-Gate-Plant-TF-Growth-Curves,transcriptic,CEN.PK2_ORE1_gfp_34300,Experiment,,,Synthetic_Complete,,,,"['Phosphate Buffered Saline', 'Synthetic_Complete']",35.0,celsius,0.03357730967714357,False,False,11.899525943456323,0.038048461031907344
r1e799aatfy8kv,g3,UWBF_34298,YeastSTATES-Beta-Estradiol-OR-Gate-Plant-TF-Growth-Curves,transcriptic,CEN.PK2_ORE1_sic1_34298,Experiment,,,Synthetic_Complete,,,,"['Phosphate Buffered Saline', 'Synthetic_Complete']",35.0,celsius,0.035138810475324814,False,False,15.886800509492131,0.06558376998982449
r1e799aatfy8kv,g4,UWBF_34298,YeastSTATES-Beta-Estradiol-OR-Gate-Plant-TF-Growth-Curves,transcriptic,CEN.PK2_ORE1_sic1_34298,Experiment,,,Synthetic_Complete,,,,"['Phosphate Buffered Saline', 'Synthetic_Complete']",35.0,celsius,0.03385831897964083,False,False,9.283964170227563,0.06708716493141936
r1e799aatfy8kv,g5,UWBF_34298,YeastSTATES-Beta-Estradiol-OR-Gate-Plant-TF-Growth-Curves,transcriptic,CEN.PK2_ORE1_sic1_34298,Experiment,,,Synthetic_Complete,,,,"['Phosphate Buffered Saline', 'Synthetic_Complete']",35.0,celsius,0.03416321015451044,False,False,12.889788556693532,0.05879349828575414
r1e799aatfy8kv,g6,UWBF_34298,YeastSTATES-Beta-Estradiol-OR-Gate-Plant-TF-Growth-Curves,transcriptic,CEN.PK2_ORE1_sic1_34298,Experiment,,,Synthetic_Complete,,,,"['Phosphate Buffered Saline', 'Synthetic_Complete']",35.0,celsius,0.034154530853170884,False,False,10.002410977731781,0.04365141381714776
r1e799aatfy8kv,g7,UWBF_34298,YeastSTATES-Beta-Estradiol-OR-Gate-Plant-TF-Growth-Curves,transcriptic,CEN.PK2_ORE1_sic1_34298,Experiment,,,Synthetic_Complete,,,,"['Phosphate Buffered Saline', 'Synthetic_Complete']",35.0,celsius,0.03506244597404979,False,False,8.293800815043603,0.06088396595220564
r1e799aatfy8kv,g8,UWBF_34300,YeastSTATES-Beta-Estradiol-OR-Gate-Plant-TF-Growth-Curves,transcriptic,CEN.PK2_ORE1_gfp_34300,Experiment,,,Synthetic_Complete,,,,"['Phosphate Buffered Saline', 'Synthetic_Complete']",35.0,celsius,0.03410755346727335,False,False,11.52845795661278,0.06998190714236356
r1e799aatfy8kv,g9,UWBF_34300,YeastSTATES-Beta-Estradiol-OR-Gate-Plant-TF-Growth-Curves,transcriptic,CEN.PK2_ORE1_gfp_34300,Experiment,,,Synthetic_Complete,,,,"['Phosphate Buffered Saline', 'Synthetic_Complete']",35.0,celsius,0.03413368646817794,False,False,13.670404879443424,0.08856852423073425
r1e799aatfy8kv,h10,UWBF_34294,YeastSTATES-Beta-Estradiol-OR-Gate-Plant-TF-Growth-Curves,transcriptic,CEN.PK2_ORE1_gfp_34294,Experiment,,,Synthetic_Complete,,,,"['Phosphate Buffered Saline', 'Synthetic_Complete']",35.0,celsius,0.034564822071644644,False,False,9.652068425343014,0.0677360086623525
r1e799aatfy8kv,h11,UWBF_34294,YeastSTATES-Beta-Estradiol-OR-Gate-Plant-TF-Growth-Curves,transcriptic,CEN.PK2_ORE1_gfp_34294,Experiment,,,Synthetic_Complete,,,,"['Phosphate Buffered Saline', 'Synthetic_Complete']",35.0,celsius,0.03325351445315184,False,False,16.872976256189425,0.064688804709179
r1e799aatfy8kv,h12,UWBF_34294,YeastSTATES-Beta-Estradiol-OR-Gate-Plant-TF-Growth-Curves,transcriptic,CEN.PK2_ORE1_gfp_34294,Experiment,,,Synthetic_Complete,,,,"['Phosphate Buffered Saline', 'Synthetic_Complete']",35.0,celsius,0.03323428598208153,False,False,15.584691272306625,0.07085364164667929
r1e799aatfy8kv,h3,UWBF_34282,YeastSTATES-Beta-Estradiol-OR-Gate-Plant-TF-Growth-Curves,transcriptic,CEN.PK2_ATAF1_gfp_34282,Experiment,,,Synthetic_Complete,,,,"['Phosphate Buffered Saline', 'Synthetic_Complete']",35.0,celsius,0.03305789858488648,True,True,,
r1e799aatfy8kv,h4,UWBF_34282,YeastSTATES-Beta-Estradiol-OR-Gate-Plant-TF-Growth-Curves,transcriptic,CEN.PK2_ATAF1_gfp_34282,Experiment,,,Synthetic_Complete,,,,"['Phosphate Buffered Saline', 'Synthetic_Complete']",35.0,celsius,0.033098262654550493,True,True,,
r1e799aatfy8kv,h5,UWBF_34282,YeastSTATES-Beta-Estradiol-OR-Gate-Plant-TF-Growth-Curves,transcriptic,CEN.PK2_ATAF1_gfp_34282,Experiment,,,Synthetic_Complete,,,,"['Phosphate Buffered Saline', 'Synthetic_Complete']",35.0,celsius,0.034238965214820324,False,True,,
r1e799aatfy8kv,h6,UWBF_34282,YeastSTATES-Beta-Estradiol-OR-Gate-Plant-TF-Growth-Curves,transcriptic,CEN.PK2_ATAF1_gfp_34282,Experiment,,,Synthetic_Complete,,,,"['Phosphate Buffered Saline', 'Synthetic_Complete']",35.0,celsius,0.03288528547726967,False,True,,
r1e799aatfy8kv,h7,UWBF_34282,YeastSTATES-Beta-Estradiol-OR-Gate-Plant-TF-Growth-Curves,transcriptic,CEN.PK2_ATAF1_gfp_34282,Experiment,,,Synthetic_Complete,,,,"['Phosphate Buffered Saline', 'Synthetic_Complete']",35.0,celsius,0.03255375959105502,False,True,,
r1e799aatfy8kv,h8,UWBF_34294,YeastSTATES-Beta-Estradiol-OR-Gate-Plant-TF-Growth-Curves,transcriptic,CEN.PK2_ORE1_gfp_34294,Experiment,,,Synthetic_Complete,,,,"['Phosphate Buffered Saline', 'Synthetic_Complete']",35.0,celsius,0.034857413955370606,False,False,15.723929416334093,0.0724228461580018
r1e799aatfy8kv,h9,UWBF_34294,YeastSTATES-Beta-Estradiol-OR-Gate-Plant-TF-Growth-Curves,transcriptic,CEN.PK2_ORE1_gfp_34294,Experiment,,,Synthetic_Complete,,,,"['Phosphate Buffered Saline', 'Synthetic_Complete']",35.0,celsius,0.03370181003009602,False,False,9.684621311990089,0.11122657018275947
r1e799bkrqxj2e,a1,UWBF_6390,YeastSTATES-Beta-Estradiol-OR-Gate-Plant-TF-Growth-Curves,transcriptic,CRISPR_w303_positive_control_NOR_00_6390,Control,,,Synthetic_Complete,,,,"['Phosphate Buffered Saline', 'Synthetic_Complete']",35.0,celsius,0.033409610746790386,False,False,13.566061332503113,0.07151214025322022
r1e799bkrqxj2e,a10,UWBF_25784,YeastSTATES-Beta-Estradiol-OR-Gate-Plant-TF-Growth-Curves,transcriptic,CRISPR_CEN.PK2_inducible_FP_25784,Control,,,Synthetic_Complete,,,,"['Phosphate Buffered Saline', 'Synthetic_Complete']",35.0,celsius,0.0334090920377146,False,False,16.80996310673474,0.06797114648410739
r1e799bkrqxj2e,a11,UWBF_25784,YeastSTATES-Beta-Estradiol-OR-Gate-Plant-TF-Growth-Curves,transcriptic,CRISPR_CEN.PK2_inducible_FP_25784,Control,,,Synthetic_Complete,,,,"['Phosphate Buffered Saline', 'Synthetic_Complete']",35.0,celsius,0.033968925290947666,False,False,21.268057238277088,0.07243869320707763
r1e799bkrqxj2e,a12,UWBF_25784,YeastSTATES-Beta-Estradiol-OR-Gate-Plant-TF-Growth-Curves,transcriptic,CRISPR_CEN.PK2_inducible_FP_25784,Control,,,Synthetic_Complete,,,,"['Phosphate Buffered Saline', 'Synthetic_Complete']",35.0,celsius,0.03506167277286476,False,False,21.271148474188163,0.05444349105637145
r1e799bkrqxj2e,a2,UWBF_24864,YeastSTATES-Beta-Estradiol-OR-Gate-Plant-TF-Growth-Curves,transcriptic,CRISPR_CEN.PK2_positive_control_NOR_00_24864,Control,,,Synthetic_Complete,,,,"['Phosphate Buffered Saline', 'Synthetic_Complete']",35.0,celsius,0.03357592945690177,False,False,17.363818876092587,0.057189387044872114
r1e799bkrqxj2e,a3,UWBF_24864,YeastSTATES-Beta-Estradiol-OR-Gate-Plant-TF-Growth-Curves,transcriptic,CRISPR_CEN.PK2_positive_control_NOR_00_24864,Control,,,Synthetic_Complete,,,,"['Phosphate Buffered Saline', 'Synthetic_Complete']",35.0,celsius,0.03461338144431155,False,False,9.008566774689251,0.03271471112895699
r1e799bkrqxj2e,a4,UWBF_24864,YeastSTATES-Beta-Estradiol-OR-Gate-Plant-TF-Growth-Curves,transcriptic,CRISPR_CEN.PK2_positive_control_NOR_00_24864,Control,,,Synthetic_Complete,,,,"['Phosphate Buffered Saline', 'Synthetic_Complete']",35.0,celsius,0.03389880243863656,False,True,,
r1e799bkrqxj2e,a5,UWBF_24864,YeastSTATES-Beta-Estradiol-OR-Gate-Plant-TF-Growth-Curves,transcriptic,CRISPR_CEN.PK2_positive_control_NOR_00_24864,Control,,,Synthetic_Complete,,,,"['Phosphate Buffered Saline', 'Synthetic_Complete']",35.0,celsius,0.03469906748742012,False,False,59035629.34517865,0.07825432012578445
r1e799bkrqxj2e,a6,UWBF_24864,YeastSTATES-Beta-Estradiol-OR-Gate-Plant-TF-Growth-Curves,transcriptic,CRISPR_CEN.PK2_positive_control_NOR_00_24864,Control,,,Synthetic_Complete,,,,"['Phosphate Buffered Saline', 'Synthetic_Complete']",35.0,celsius,0.034146716876993555,False,True,,
r1e799bkrqxj2e,a7,UWBF_24864,YeastSTATES-Beta-Estradiol-OR-Gate-Plant-TF-Growth-Curves,transcriptic,CRISPR_CEN.PK2_positive_control_NOR_00_24864,Control,,,Synthetic_Complete,,,,"['Phosphate Buffered Saline', 'Synthetic_Complete']",35.0,celsius,0.0348328978994993,False,True,,
r1e799bkrqxj2e,a8,UWBF_25784,YeastSTATES-Beta-Estradiol-OR-Gate-Plant-TF-Growth-Curves,transcriptic,CRISPR_CEN.PK2_inducible_FP_25784,Control,,,Synthetic_Complete,,,,"['Phosphate Buffered Saline', 'Synthetic_Complete']",35.0,celsius,0.03435925844657866,False,False,17.569836030112803,0.07576995663442088
r1e799bkrqxj2e,a9,UWBF_25784,YeastSTATES-Beta-Estradiol-OR-Gate-Plant-TF-Growth-Curves,transcriptic,CRISPR_CEN.PK2_inducible_FP_25784,Control,,,Synthetic_Complete,,,,"['Phosphate Buffered Saline', 'Synthetic_Complete']",35.0,celsius,0.034009617246693984,False,False,27.979473865050345,0.06093964501813592
r1e799bkrqxj2e,b1,UWBF_6390,YeastSTATES-Beta-Estradiol-OR-Gate-Plant-TF-Growth-Curves,transcriptic,CRISPR_w303_positive_control_NOR_00_6390,Control,,,Synthetic_Complete,,,,"['Phosphate Buffered Saline', 'Synthetic_Complete']",35.0,celsius,0.03493514497933295,False,False,14.578032257531605,0.05548979986376346
r1e799bkrqxj2e,b10,UWBF_34284,YeastSTATES-Beta-Estradiol-OR-Gate-Plant-TF-Growth-Curves,transcriptic,CEN.PK2_ATAF1_sic1_gfp_34284,Experiment,,,Synthetic_Complete,,,,"['Phosphate Buffered Saline', 'Synthetic_Complete']",35.0,celsius,0.04540308373812372,False,False,78.34156125490111,0.07185107646458878
r1e799bkrqxj2e,b11,UWBF_34284,YeastSTATES-Beta-Estradiol-OR-Gate-Plant-TF-Growth-Curves,transcriptic,CEN.PK2_ATAF1_sic1_gfp_34284,Experiment,,,Synthetic_Complete,,,,"['Phosphate Buffered Saline', 'Synthetic_Complete']",35.0,celsius,0.03407478538531631,True,True,,
r1e799bkrqxj2e,b12,UWBF_34284,YeastSTATES-Beta-Estradiol-OR-Gate-Plant-TF-Growth-Curves,transcriptic,CEN.PK2_ATAF1_sic1_gfp_34284,Experiment,,,Synthetic_Complete,,,,"['Phosphate Buffered Saline', 'Synthetic_Complete']",35.0,celsius,0.035142740387617485,False,True,,
r1e799bkrqxj2e,b2,UWBF_24864,YeastSTATES-Beta-Estradiol-OR-Gate-Plant-TF-Growth-Curves,transcriptic,CRISPR_CEN.PK2_positive_control_NOR_00_24864,Control,,,Synthetic_Complete,,,,"['Phosphate Buffered Saline', 'Synthetic_Complete']",35.0,celsius,0.036231251943283485,False,False,15.900094960079908,0.0714432574747899
r1e799bkrqxj2e,b3,UWBF_34295,YeastSTATES-Beta-Estradiol-OR-Gate-Plant-TF-Growth-Curves,transcriptic,CEN.PK2_ORE1_sic1_gfp_34295,Experiment,,,Synthetic_Complete,,,,"['Phosphate Buffered Saline', 'Synthetic_Complete']",35.0,celsius,0.033687743089643014,False,False,14.312688097250012,0.055120698726253484
r1e799bkrqxj2e,b4,UWBF_34295,YeastSTATES-Beta-Estradiol-OR-Gate-Plant-TF-Growth-Curves,transcriptic,CEN.PK2_ORE1_sic1_gfp_34295,Experiment,,,Synthetic_Complete,,,,"['Phosphate Buffered Saline', 'Synthetic_Complete']",35.0,celsius,0.03544597955693079,False,True,,
r1e799bkrqxj2e,b5,UWBF_34295,YeastSTATES-Beta-Estradiol-OR-Gate-Plant-TF-Growth-Curves,transcriptic,CEN.PK2_ORE1_sic1_gfp_34295,Experiment,,,Synthetic_Complete,,,,"['Phosphate Buffered Saline', 'Synthetic_Complete']",35.0,celsius,0.0353890162436542,False,False,16.96537563112524,0.06799262040569584
r1e799bkrqxj2e,b6,UWBF_34295,YeastSTATES-Beta-Estradiol-OR-Gate-Plant-TF-Growth-Curves,transcriptic,CEN.PK2_ORE1_sic1_gfp_34295,Experiment,,,Synthetic_Complete,,,,"['Phosphate Buffered Saline', 'Synthetic_Complete']",35.0,celsius,0.035994984668149585,False,True,,
r1e799bkrqxj2e,b7,UWBF_34295,YeastSTATES-Beta-Estradiol-OR-Gate-Plant-TF-Growth-Curves,transcriptic,CEN.PK2_ORE1_sic1_gfp_34295,Experiment,,,Synthetic_Complete,,,,"['Phosphate Buffered Saline', 'Synthetic_Complete']",35.0,celsius,0.03464024354022305,False,False,19.57982125926628,0.05973242307309911
r1e799bkrqxj2e,b8,UWBF_34284,YeastSTATES-Beta-Estradiol-OR-Gate-Plant-TF-Growth-Curves,transcriptic,CEN.PK2_ATAF1_sic1_gfp_34284,Experiment,,,Synthetic_Complete,,,,"['Phosphate Buffered Saline', 'Synthetic_Complete']",35.0,celsius,0.033925900348912554,False,False,44516481.146417126,0.05972809254069504
r1e799bkrqxj2e,b9,UWBF_34284,YeastSTATES-Beta-Estradiol-OR-Gate-Plant-TF-Growth-Curves,transcriptic,CEN.PK2_ATAF1_sic1_gfp_34284,Experiment,,,Synthetic_Complete,,,,"['Phosphate Buffered Saline', 'Synthetic_Complete']",35.0,celsius,0.03457031558341391,False,False,54598342.054882295,0.05570988669650122
r1e799bkrqxj2e,c1,UWBF_6390,YeastSTATES-Beta-Estradiol-OR-Gate-Plant-TF-Growth-Curves,transcriptic,CRISPR_w303_positive_control_NOR_00_6390,Control,,,Synthetic_Complete,,,,"['Phosphate Buffered Saline', 'Synthetic_Complete']",35.0,celsius,0.03504956927456244,False,False,25.214284594418388,0.09248362152362181
r1e799bkrqxj2e,c2,UWBF_24864,YeastSTATES-Beta-Estradiol-OR-Gate-Plant-TF-Growth-Curves,transcriptic,CRISPR_CEN.PK2_positive_control_NOR_00_24864,Control,,,Synthetic_Complete,,,,"['Phosphate Buffered Saline', 'Synthetic_Complete']",35.0,celsius,0.03576171766863162,False,True,,
r1e799bkrqxj2e,c3,UWBF_34279,YeastSTATES-Beta-Estradiol-OR-Gate-Plant-TF-Growth-Curves,transcriptic,CEN.PK2_ATAF1_sic1_gfp_34279,Experiment,,,Synthetic_Complete,,,,"['Phosphate Buffered Saline', 'Synthetic_Complete']",35.0,celsius,0.033822664820999084,True,True,,
r1e799bkrqxj2e,c4,UWBF_34279,YeastSTATES-Beta-Estradiol-OR-Gate-Plant-TF-Growth-Curves,transcriptic,CEN.PK2_ATAF1_sic1_gfp_34279,Experiment,,,Synthetic_Complete,,,,"['Phosphate Buffered Saline', 'Synthetic_Complete']",35.0,celsius,0.03943642180882554,True,True,,
r1e799bkrqxj2e,c5,UWBF_34279,YeastSTATES-Beta-Estradiol-OR-Gate-Plant-TF-Growth-Curves,transcriptic,CEN.PK2_ATAF1_sic1_gfp_34279,Experiment,,,Synthetic_Complete,,,,"['Phosphate Buffered Saline', 'Synthetic_Complete']",35.0,celsius,0.035579141941596684,False,False,35.70856761453401,0.04757508183479095
r1e799bkrqxj2e,c6,UWBF_34279,YeastSTATES-Beta-Estradiol-OR-Gate-Plant-TF-Growth-Curves,transcriptic,CEN.PK2_ATAF1_sic1_gfp_34279,Experiment,,,Synthetic_Complete,,,,"['Phosphate Buffered Saline', 'Synthetic_Complete']",35.0,celsius,0.036138118475781786,True,True,,
r1e799bkrqxj2e,c7,UWBF_34279,YeastSTATES-Beta-Estradiol-OR-Gate-Plant-TF-Growth-Curves,transcriptic,CEN.PK2_ATAF1_sic1_gfp_34279,Experiment,,,Synthetic_Complete,,,,"['Phosphate Buffered Saline', 'Synthetic_Complete']",35.0,celsius,0.03884557476415471,False,False,62157229.15966462,0.07987765864152156
r1e799bkrqxj2e,c8,MediaControl,YeastSTATES-Beta-Estradiol-OR-Gate-Plant-TF-Growth-Curves,transcriptic,Media_control,Blank,MEDIA_BLANK,,Synthetic_Complete,,,,"['Phosphate Buffered Saline', 'Synthetic_Complete']",35.0,celsius,0.03929511849316169,False,False,,
r1e799bkrqxj2e,c9,MediaControl,YeastSTATES-Beta-Estradiol-OR-Gate-Plant-TF-Growth-Curves,transcriptic,Media_control,Blank,MEDIA_BLANK,,Synthetic_Complete,,,,"['Phosphate Buffered Saline', 'Synthetic_Complete']",35.0,celsius,0.03471820844679707,False,False,,
r1e799bkrqxj2e,d1,UWBF_23970,YeastSTATES-Beta-Estradiol-OR-Gate-Plant-TF-Growth-Curves,transcriptic,CRISPR_CEN.PK2_negative_control_23970,Control,,,Synthetic_Complete,,,,"['Phosphate Buffered Saline', 'Synthetic_Complete']",35.0,celsius,0.03466858604313535,False,True,,
r1e799bkrqxj2e,d3,UWBF_34286,YeastSTATES-Beta-Estradiol-OR-Gate-Plant-TF-Growth-Curves,transcriptic,CEN.PK2_ATAF1_sic1_34286,Experiment,,,Synthetic_Complete,,,,"['Phosphate Buffered Saline', 'Synthetic_Complete']",35.0,celsius,0.034111325603541014,False,False,88895367.47102837,0.05712230536640783
r1e799bkrqxj2e,d4,UWBF_34286,YeastSTATES-Beta-Estradiol-OR-Gate-Plant-TF-Growth-Curves,transcriptic,CEN.PK2_ATAF1_sic1_34286,Experiment,,,Synthetic_Complete,,,,"['Phosphate Buffered Saline', 'Synthetic_Complete']",35.0,celsius,0.03652967198741157,True,True,,
r1e799bkrqxj2e,d5,UWBF_34286,YeastSTATES-Beta-Estradiol-OR-Gate-Plant-TF-Growth-Curves,transcriptic,CEN.PK2_ATAF1_sic1_34286,Experiment,,,Synthetic_Complete,,,,"['Phosphate Buffered Saline', 'Synthetic_Complete']",35.0,celsius,0.03541353085131547,False,False,43.607469679300685,0.04844653797741376
r1e799bkrqxj2e,d6,UWBF_34286,YeastSTATES-Beta-Estradiol-OR-Gate-Plant-TF-Growth-Curves,transcriptic,CEN.PK2_ATAF1_sic1_34286,Experiment,,,Synthetic_Complete,,,,"['Phosphate Buffered Saline', 'Synthetic_Complete']",35.0,celsius,0.036890785947128385,True,True,,
r1e799bkrqxj2e,d7,UWBF_34286,YeastSTATES-Beta-Estradiol-OR-Gate-Plant-TF-Growth-Curves,transcriptic,CEN.PK2_ATAF1_sic1_34286,Experiment,,,Synthetic_Complete,,,,"['Phosphate Buffered Saline', 'Synthetic_Complete']",35.0,celsius,0.034053182820777884,True,True,,
r1e799bkrqxj2e,e1,UWBF_23970,YeastSTATES-Beta-Estradiol-OR-Gate-Plant-TF-Growth-Curves,transcriptic,CRISPR_CEN.PK2_negative_control_23970,Control,,,Synthetic_Complete,,,,"['Phosphate Buffered Saline', 'Synthetic_Complete']",35.0,celsius,0.035471835305737144,False,False,11.502831407202208,0.032237783041433064
r1e799bkrqxj2e,e3,UWBF_34281,YeastSTATES-Beta-Estradiol-OR-Gate-Plant-TF-Growth-Curves,transcriptic,CEN.PK2_ATAF1_sic1_34281,Experiment,,,Synthetic_Complete,,,,"['Phosphate Buffered Saline', 'Synthetic_Complete']",35.0,celsius,0.03462539918066683,False,False,7.382134985450617,0.02277803675927624
r1e799bkrqxj2e,e4,UWBF_34281,YeastSTATES-Beta-Estradiol-OR-Gate-Plant-TF-Growth-Curves,transcriptic,CEN.PK2_ATAF1_sic1_34281,Experiment,,,Synthetic_Complete,,,,"['Phosphate Buffered Saline', 'Synthetic_Complete']",35.0,celsius,0.03491268339424878,False,True,,
r1e799bkrqxj2e,e5,UWBF_34281,YeastSTATES-Beta-Estradiol-OR-Gate-Plant-TF-Growth-Curves,transcriptic,CEN.PK2_ATAF1_sic1_34281,Experiment,,,Synthetic_Complete,,,,"['Phosphate Buffered Saline', 'Synthetic_Complete']",35.0,celsius,0.03549924630095882,False,False,58868674.220985904,0.0691450436099498
r1e799bkrqxj2e,e6,UWBF_34281,YeastSTATES-Beta-Estradiol-OR-Gate-Plant-TF-Growth-Curves,transcriptic,CEN.PK2_ATAF1_sic1_34281,Experiment,,,Synthetic_Complete,,,,"['Phosphate Buffered Saline', 'Synthetic_Complete']",35.0,celsius,0.0336974441847392,True,True,,
r1e799bkrqxj2e,e7,UWBF_34281,YeastSTATES-Beta-Estradiol-OR-Gate-Plant-TF-Growth-Curves,transcriptic,CEN.PK2_ATAF1_sic1_34281,Experiment,,,Synthetic_Complete,,,,"['Phosphate Buffered Saline', 'Synthetic_Complete']",35.0,celsius,0.03567648489844385,False,True,,
r1e799bkrqxj2e,f1,UWBF_23970,YeastSTATES-Beta-Estradiol-OR-Gate-Plant-TF-Growth-Curves,transcriptic,CRISPR_CEN.PK2_negative_control_23970,Control,,,Synthetic_Complete,,,,"['Phosphate Buffered Saline', 'Synthetic_Complete']",35.0,celsius,0.03556216170823243,False,False,9.914257852657675,0.03588619564443326
r1e799bkrqxj2e,f3,UWBF_34289,YeastSTATES-Beta-Estradiol-OR-Gate-Plant-TF-Growth-Curves,transcriptic,CEN.PK2_ORE1_sic1_gfp_34289,Experiment,,,Synthetic_Complete,,,,"['Phosphate Buffered Saline', 'Synthetic_Complete']",35.0,celsius,0.035881247801605,False,False,81.70397746973158,0.1179550926443793
r1e799bkrqxj2e,f4,UWBF_34289,YeastSTATES-Beta-Estradiol-OR-Gate-Plant-TF-Growth-Curves,transcriptic,CEN.PK2_ORE1_sic1_gfp_34289,Experiment,,,Synthetic_Complete,,,,"['Phosphate Buffered Saline', 'Synthetic_Complete']",35.0,celsius,0.03576400099603757,False,False,17.23461478083322,0.06300911783692055
r1e799bkrqxj2e,f5,UWBF_34289,YeastSTATES-Beta-Estradiol-OR-Gate-Plant-TF-Growth-Curves,transcriptic,CEN.PK2_ORE1_sic1_gfp_34289,Experiment,,,Synthetic_Complete,,,,"['Phosphate Buffered Saline', 'Synthetic_Complete']",35.0,celsius,0.03600936749557608,False,False,12.871407263652879,0.04916735111651645
r1e799bkrqxj2e,f6,UWBF_34289,YeastSTATES-Beta-Estradiol-OR-Gate-Plant-TF-Growth-Curves,transcriptic,CEN.PK2_ORE1_sic1_gfp_34289,Experiment,,,Synthetic_Complete,,,,"['Phosphate Buffered Saline', 'Synthetic_Complete']",35.0,celsius,0.03745131778120635,False,False,16.497799521970457,0.060513965008128445
r1e799bkrqxj2e,f7,UWBF_34289,YeastSTATES-Beta-Estradiol-OR-Gate-Plant-TF-Growth-Curves,transcriptic,CEN.PK2_ORE1_sic1_gfp_34289,Experiment,,,Synthetic_Complete,,,,"['Phosphate Buffered Saline', 'Synthetic_Complete']",35.0,celsius,0.05290389804493005,False,False,39.65773313347063,0.09098218662217102
r1e799bkrqxj2e,g3,UWBF_34291,YeastSTATES-Beta-Estradiol-OR-Gate-Plant-TF-Growth-Curves,transcriptic,CEN.PK2_ORE1_sic1_34291,Experiment,,,Synthetic_Complete,,,,"['Phosphate Buffered Saline', 'Synthetic_Complete']",35.0,celsius,0.037276807079208704,False,False,95.89332416080133,0.12322715210803181
r1e799bkrqxj2e,g4,UWBF_34291,YeastSTATES-Beta-Estradiol-OR-Gate-Plant-TF-Growth-Curves,transcriptic,CEN.PK2_ORE1_sic1_34291,Experiment,,,Synthetic_Complete,,,,"['Phosphate Buffered Saline', 'Synthetic_Complete']",35.0,celsius,0.062080676393170026,False,False,88951355.6254226,0.14558441380761938
r1e799bkrqxj2e,g5,UWBF_34291,YeastSTATES-Beta-Estradiol-OR-Gate-Plant-TF-Growth-Curves,transcriptic,CEN.PK2_ORE1_sic1_34291,Experiment,,,Synthetic_Complete,,,,"['Phosphate Buffered Saline', 'Synthetic_Complete']",35.0,celsius,0.035998986827304694,False,False,35.78674275242526,0.08990366135621342
r1e799bkrqxj2e,g6,UWBF_34291,YeastSTATES-Beta-Estradiol-OR-Gate-Plant-TF-Growth-Curves,transcriptic,CEN.PK2_ORE1_sic1_34291,Experiment,,,Synthetic_Complete,,,,"['Phosphate Buffered Saline', 'Synthetic_Complete']",35.0,celsius,0.03639086517792234,False,False,140732796.80710274,0.1599562940947152
r1e799bkrqxj2e,g7,UWBF_34291,YeastSTATES-Beta-Estradiol-OR-Gate-Plant-TF-Growth-Curves,transcriptic,CEN.PK2_ORE1_sic1_34291,Experiment,,,Synthetic_Complete,,,,"['Phosphate Buffered Saline', 'Synthetic_Complete']",35.0,celsius,0.03692479319970175,False,False,15.254964143068475,0.05527913238134065
r1e799bkrqxj2e,h3,UWBF_34297,YeastSTATES-Beta-Estradiol-OR-Gate-Plant-TF-Growth-Curves,transcriptic,CEN.PK2_ORE1_sic1_34297,Experiment,,,Synthetic_Complete,,,,"['Phosphate Buffered Saline', 'Synthetic_Complete']",35.0,celsius,0.0338769228114479,True,True,,
r1e799bkrqxj2e,h4,UWBF_34297,YeastSTATES-Beta-Estradiol-OR-Gate-Plant-TF-Growth-Curves,transcriptic,CEN.PK2_ORE1_sic1_34297,Experiment,,,Synthetic_Complete,,,,"['Phosphate Buffered Saline', 'Synthetic_Complete']",35.0,celsius,0.03401072377098645,True,True,,
r1e799bkrqxj2e,h5,UWBF_34297,YeastSTATES-Beta-Estradiol-OR-Gate-Plant-TF-Growth-Curves,transcriptic,CEN.PK2_ORE1_sic1_34297,Experiment,,,Synthetic_Complete,,,,"['Phosphate Buffered Saline', 'Synthetic_Complete']",35.0,celsius,0.0351427516865963,True,True,,
r1e799bkrqxj2e,h6,UWBF_34297,YeastSTATES-Beta-Estradiol-OR-Gate-Plant-TF-Growth-Curves,transcriptic,CEN.PK2_ORE1_sic1_34297,Experiment,,,Synthetic_Complete,,,,"['Phosphate Buffered Saline', 'Synthetic_Complete']",35.0,celsius,0.03394277583453373,True,True,,
r1e799bkrqxj2e,h7,UWBF_34297,YeastSTATES-Beta-Estradiol-OR-Gate-Plant-TF-Growth-Curves,transcriptic,CEN.PK2_ORE1_sic1_34297,Experiment,,,Synthetic_Complete,,,,"['Phosphate Buffered Saline', 'Synthetic_Complete']",35.0,celsius,0.03360695823683155,True,True,,
r1e799cvtk6ztx,a1,UWBF_6390,YeastSTATES-Beta-Estradiol-OR-Gate-Plant-TF-Growth-Curves,transcriptic,CRISPR_w303_positive_control_NOR_00_6390,Control,,,SC Media with 200nM beta-estradiol,,,,"['Phosphate Buffered Saline', 'SC Media with 200nM beta-estradiol']",35.0,celsius,0.03385360241741248,False,False,16.308554156179785,0.04702521001913894
r1e799cvtk6ztx,a10,UWBF_25784,YeastSTATES-Beta-Estradiol-OR-Gate-Plant-TF-Growth-Curves,transcriptic,CRISPR_CEN.PK2_inducible_FP_25784,Control,,,SC Media with 200nM beta-estradiol,,,,"['Phosphate Buffered Saline', 'SC Media with 200nM beta-estradiol']",35.0,celsius,0.03287374046730249,False,False,56.20697055280474,0.13256622543229304
r1e799cvtk6ztx,a11,UWBF_25784,YeastSTATES-Beta-Estradiol-OR-Gate-Plant-TF-Growth-Curves,transcriptic,CRISPR_CEN.PK2_inducible_FP_25784,Control,,,SC Media with 200nM beta-estradiol,,,,"['Phosphate Buffered Saline', 'SC Media with 200nM beta-estradiol']",35.0,celsius,0.03353142921734181,False,False,17.575875467728476,0.04566165714464295
r1e799cvtk6ztx,a12,UWBF_25784,YeastSTATES-Beta-Estradiol-OR-Gate-Plant-TF-Growth-Curves,transcriptic,CRISPR_CEN.PK2_inducible_FP_25784,Control,,,SC Media with 200nM beta-estradiol,,,,"['Phosphate Buffered Saline', 'SC Media with 200nM beta-estradiol']",35.0,celsius,0.03403563015949028,False,False,21.35238054798846,0.07521208115339299
r1e799cvtk6ztx,a2,UWBF_24864,YeastSTATES-Beta-Estradiol-OR-Gate-Plant-TF-Growth-Curves,transcriptic,CRISPR_CEN.PK2_positive_control_NOR_00_24864,Control,,,SC Media with 200nM beta-estradiol,,,,"['Phosphate Buffered Saline', 'SC Media with 200nM beta-estradiol']",35.0,celsius,0.03273271468738356,False,True,,
r1e799cvtk6ztx,a3,UWBF_24864,YeastSTATES-Beta-Estradiol-OR-Gate-Plant-TF-Growth-Curves,transcriptic,CRISPR_CEN.PK2_positive_control_NOR_00_24864,Control,,,SC Media with 200nM beta-estradiol,,,,"['Phosphate Buffered Saline', 'SC Media with 200nM beta-estradiol']",35.0,celsius,0.035753689306376034,False,False,17.18813824970213,0.04423512736220449
r1e799cvtk6ztx,a4,UWBF_24864,YeastSTATES-Beta-Estradiol-OR-Gate-Plant-TF-Growth-Curves,transcriptic,CRISPR_CEN.PK2_positive_control_NOR_00_24864,Control,,,SC Media with 200nM beta-estradiol,,,,"['Phosphate Buffered Saline', 'SC Media with 200nM beta-estradiol']",35.0,celsius,0.0336747769353784,False,False,8.646062912598786,0.042969414310357786
r1e799cvtk6ztx,a5,UWBF_24864,YeastSTATES-Beta-Estradiol-OR-Gate-Plant-TF-Growth-Curves,transcriptic,CRISPR_CEN.PK2_positive_control_NOR_00_24864,Control,,,SC Media with 200nM beta-estradiol,,,,"['Phosphate Buffered Saline', 'SC Media with 200nM beta-estradiol']",35.0,celsius,0.032941662308820334,False,False,12.79027732661773,0.046862780315673674
r1e799cvtk6ztx,a6,UWBF_24864,YeastSTATES-Beta-Estradiol-OR-Gate-Plant-TF-Growth-Curves,transcriptic,CRISPR_CEN.PK2_positive_control_NOR_00_24864,Control,,,SC Media with 200nM beta-estradiol,,,,"['Phosphate Buffered Saline', 'SC Media with 200nM beta-estradiol']",35.0,celsius,0.03282993355495376,False,False,24.58057885350611,0.11629478234317922
r1e799cvtk6ztx,a7,UWBF_24864,YeastSTATES-Beta-Estradiol-OR-Gate-Plant-TF-Growth-Curves,transcriptic,CRISPR_CEN.PK2_positive_control_NOR_00_24864,Control,,,SC Media with 200nM beta-estradiol,,,,"['Phosphate Buffered Saline', 'SC Media with 200nM beta-estradiol']",35.0,celsius,0.0345750257962554,False,False,13.288494121149968,0.06669980037377103
r1e799cvtk6ztx,a8,UWBF_25784,YeastSTATES-Beta-Estradiol-OR-Gate-Plant-TF-Growth-Curves,transcriptic,CRISPR_CEN.PK2_inducible_FP_25784,Control,,,SC Media with 200nM beta-estradiol,,,,"['Phosphate Buffered Saline', 'SC Media with 200nM beta-estradiol']",35.0,celsius,0.03374134716123005,False,False,16.68239363900808,0.07876266266805641
r1e799cvtk6ztx,a9,UWBF_25784,YeastSTATES-Beta-Estradiol-OR-Gate-Plant-TF-Growth-Curves,transcriptic,CRISPR_CEN.PK2_inducible_FP_25784,Control,,,SC Media with 200nM beta-estradiol,,,,"['Phosphate Buffered Saline', 'SC Media with 200nM beta-estradiol']",35.0,celsius,0.03343510640604109,False,False,20.935810755803768,0.09392331016430046
r1e799cvtk6ztx,b1,UWBF_6390,YeastSTATES-Beta-Estradiol-OR-Gate-Plant-TF-Growth-Curves,transcriptic,CRISPR_w303_positive_control_NOR_00_6390,Control,,,SC Media with 200nM beta-estradiol,,,,"['Phosphate Buffered Saline', 'SC Media with 200nM beta-estradiol']",35.0,celsius,0.034586226930182484,False,False,15.1555104921695,0.0502421221207524
r1e799cvtk6ztx,b10,UWBF_34284,YeastSTATES-Beta-Estradiol-OR-Gate-Plant-TF-Growth-Curves,transcriptic,CEN.PK2_ATAF1_sic1_gfp_34284,Experiment,,,SC Media with 200nM beta-estradiol,,,,"['Phosphate Buffered Saline', 'SC Media with 200nM beta-estradiol']",35.0,celsius,0.03498171434149825,False,False,1.48780308071714,4.915826576185421e-06
r1e799cvtk6ztx,b11,UWBF_34284,YeastSTATES-Beta-Estradiol-OR-Gate-Plant-TF-Growth-Curves,transcriptic,CEN.PK2_ATAF1_sic1_gfp_34284,Experiment,,,SC Media with 200nM beta-estradiol,,,,"['Phosphate Buffered Saline', 'SC Media with 200nM beta-estradiol']",35.0,celsius,0.03344815867279717,True,True,,
r1e799cvtk6ztx,b12,UWBF_34284,YeastSTATES-Beta-Estradiol-OR-Gate-Plant-TF-Growth-Curves,transcriptic,CEN.PK2_ATAF1_sic1_gfp_34284,Experiment,,,SC Media with 200nM beta-estradiol,,,,"['Phosphate Buffered Saline', 'SC Media with 200nM beta-estradiol']",35.0,celsius,0.03460030269714148,True,True,,
r1e799cvtk6ztx,b2,UWBF_24864,YeastSTATES-Beta-Estradiol-OR-Gate-Plant-TF-Growth-Curves,transcriptic,CRISPR_CEN.PK2_positive_control_NOR_00_24864,Control,,,SC Media with 200nM beta-estradiol,,,,"['Phosphate Buffered Saline', 'SC Media with 200nM beta-estradiol']",35.0,celsius,0.0360481337539613,False,False,13.755384659505946,0.03658879255849741
r1e799cvtk6ztx,b3,UWBF_34295,YeastSTATES-Beta-Estradiol-OR-Gate-Plant-TF-Growth-Curves,transcriptic,CEN.PK2_ORE1_sic1_gfp_34295,Experiment,,,SC Media with 200nM beta-estradiol,,,,"['Phosphate Buffered Saline', 'SC Media with 200nM beta-estradiol']",35.0,celsius,0.03292532603382908,False,True,,
r1e799cvtk6ztx,b4,UWBF_34295,YeastSTATES-Beta-Estradiol-OR-Gate-Plant-TF-Growth-Curves,transcriptic,CEN.PK2_ORE1_sic1_gfp_34295,Experiment,,,SC Media with 200nM beta-estradiol,,,,"['Phosphate Buffered Saline', 'SC Media with 200nM beta-estradiol']",35.0,celsius,0.034700014872513035,False,False,24.34587280295031,0.06144312464633947
r1e799cvtk6ztx,b5,UWBF_34295,YeastSTATES-Beta-Estradiol-OR-Gate-Plant-TF-Growth-Curves,transcriptic,CEN.PK2_ORE1_sic1_gfp_34295,Experiment,,,SC Media with 200nM beta-estradiol,,,,"['Phosphate Buffered Saline', 'SC Media with 200nM beta-estradiol']",35.0,celsius,0.03438293071385532,False,False,10.546961442313641,0.03998570602637612
r1e799cvtk6ztx,b6,UWBF_34295,YeastSTATES-Beta-Estradiol-OR-Gate-Plant-TF-Growth-Curves,transcriptic,CEN.PK2_ORE1_sic1_gfp_34295,Experiment,,,SC Media with 200nM beta-estradiol,,,,"['Phosphate Buffered Saline', 'SC Media with 200nM beta-estradiol']",35.0,celsius,0.03479998626443845,False,False,15.401947297943938,0.04669879060675691
r1e799cvtk6ztx,b7,UWBF_34295,YeastSTATES-Beta-Estradiol-OR-Gate-Plant-TF-Growth-Curves,transcriptic,CEN.PK2_ORE1_sic1_gfp_34295,Experiment,,,SC Media with 200nM beta-estradiol,,,,"['Phosphate Buffered Saline', 'SC Media with 200nM beta-estradiol']",35.0,celsius,0.03457427991487532,False,False,48210284.44472554,0.052582787549755525
r1e799cvtk6ztx,b8,UWBF_34284,YeastSTATES-Beta-Estradiol-OR-Gate-Plant-TF-Growth-Curves,transcriptic,CEN.PK2_ATAF1_sic1_gfp_34284,Experiment,,,SC Media with 200nM beta-estradiol,,,,"['Phosphate Buffered Saline', 'SC Media with 200nM beta-estradiol']",35.0,celsius,0.033018027901507783,False,False,48680962.96115686,0.10143645494084962
r1e799cvtk6ztx,b9,UWBF_34284,YeastSTATES-Beta-Estradiol-OR-Gate-Plant-TF-Growth-Curves,transcriptic,CEN.PK2_ATAF1_sic1_gfp_34284,Experiment,,,SC Media with 200nM beta-estradiol,,,,"['Phosphate Buffered Saline', 'SC Media with 200nM beta-estradiol']",35.0,celsius,0.03386581352786738,False,False,192649249.36241424,0.046642458709616336
r1e799cvtk6ztx,c1,UWBF_6390,YeastSTATES-Beta-Estradiol-OR-Gate-Plant-TF-Growth-Curves,transcriptic,CRISPR_w303_positive_control_NOR_00_6390,Control,,,SC Media with 200nM beta-estradiol,,,,"['Phosphate Buffered Saline', 'SC Media with 200nM beta-estradiol']",35.0,celsius,0.034311510462704635,False,False,16.55174440458669,0.05603182491809124
r1e799cvtk6ztx,c2,UWBF_24864,YeastSTATES-Beta-Estradiol-OR-Gate-Plant-TF-Growth-Curves,transcriptic,CRISPR_CEN.PK2_positive_control_NOR_00_24864,Control,,,SC Media with 200nM beta-estradiol,,,,"['Phosphate Buffered Saline', 'SC Media with 200nM beta-estradiol']",35.0,celsius,0.03540397566580365,False,False,16.88460601872391,0.0461772660593666
r1e799cvtk6ztx,c3,UWBF_34279,YeastSTATES-Beta-Estradiol-OR-Gate-Plant-TF-Growth-Curves,transcriptic,CEN.PK2_ATAF1_sic1_gfp_34279,Experiment,,,SC Media with 200nM beta-estradiol,,,,"['Phosphate Buffered Saline', 'SC Media with 200nM beta-estradiol']",35.0,celsius,0.033254514599699435,True,True,,
r1e799cvtk6ztx,c4,UWBF_34279,YeastSTATES-Beta-Estradiol-OR-Gate-Plant-TF-Growth-Curves,transcriptic,CEN.PK2_ATAF1_sic1_gfp_34279,Experiment,,,SC Media with 200nM beta-estradiol,,,,"['Phosphate Buffered Saline', 'SC Media with 200nM beta-estradiol']",35.0,celsius,0.03498466159964577,True,True,,
r1e799cvtk6ztx,c5,UWBF_34279,YeastSTATES-Beta-Estradiol-OR-Gate-Plant-TF-Growth-Curves,transcriptic,CEN.PK2_ATAF1_sic1_gfp_34279,Experiment,,,SC Media with 200nM beta-estradiol,,,,"['Phosphate Buffered Saline', 'SC Media with 200nM beta-estradiol']",35.0,celsius,0.03454170062364344,False,False,4.933962707141409,0.0066105777875375684
r1e799cvtk6ztx,c6,UWBF_34279,YeastSTATES-Beta-Estradiol-OR-Gate-Plant-TF-Growth-Curves,transcriptic,CEN.PK2_ATAF1_sic1_gfp_34279,Experiment,,,SC Media with 200nM beta-estradiol,,,,"['Phosphate Buffered Saline', 'SC Media with 200nM beta-estradiol']",35.0,celsius,0.03416667151539488,False,False,15.795127493100427,0.05907967779932946
r1e799cvtk6ztx,c7,UWBF_34279,YeastSTATES-Beta-Estradiol-OR-Gate-Plant-TF-Growth-Curves,transcriptic,CEN.PK2_ATAF1_sic1_gfp_34279,Experiment,,,SC Media with 200nM beta-estradiol,,,,"['Phosphate Buffered Saline', 'SC Media with 200nM beta-estradiol']",35.0,celsius,0.035098997379639514,False,False,3.5893037083358705,0.001751932881749698
r1e799cvtk6ztx,c8,MediaControl,YeastSTATES-Beta-Estradiol-OR-Gate-Plant-TF-Growth-Curves,transcriptic,Media_control,Blank,MEDIA_BLANK,,SC Media with 200nM beta-estradiol,,,,"['Phosphate Buffered Saline', 'SC Media with 200nM beta-estradiol']",35.0,celsius,0.03373989614890823,False,False,,
r1e799cvtk6ztx,c9,MediaControl,YeastSTATES-Beta-Estradiol-OR-Gate-Plant-TF-Growth-Curves,transcriptic,Media_control,Blank,MEDIA_BLANK,,SC Media with 200nM beta-estradiol,,,,"['Phosphate Buffered Saline', 'SC Media with 200nM beta-estradiol']",35.0,celsius,0.034101144571961374,False,False,,
r1e799cvtk6ztx,d1,UWBF_23970,YeastSTATES-Beta-Estradiol-OR-Gate-Plant-TF-Growth-Curves,transcriptic,CRISPR_CEN.PK2_negative_control_23970,Control,,,SC Media with 200nM beta-estradiol,,,,"['Phosphate Buffered Saline', 'SC Media with 200nM beta-estradiol']",35.0,celsius,0.034025547249076735,False,True,,
r1e799cvtk6ztx,d3,UWBF_34286,YeastSTATES-Beta-Estradiol-OR-Gate-Plant-TF-Growth-Curves,transcriptic,CEN.PK2_ATAF1_sic1_34286,Experiment,,,SC Media with 200nM beta-estradiol,,,,"['Phosphate Buffered Saline', 'SC Media with 200nM beta-estradiol']",35.0,celsius,0.0334836534256127,False,False,8.781912343631046,0.024913438433644405
r1e799cvtk6ztx,d4,UWBF_34286,YeastSTATES-Beta-Estradiol-OR-Gate-Plant-TF-Growth-Curves,transcriptic,CEN.PK2_ATAF1_sic1_34286,Experiment,,,SC Media with 200nM beta-estradiol,,,,"['Phosphate Buffered Saline', 'SC Media with 200nM beta-estradiol']",35.0,celsius,0.03473273554195254,False,True,,
r1e799cvtk6ztx,d5,UWBF_34286,YeastSTATES-Beta-Estradiol-OR-Gate-Plant-TF-Growth-Curves,transcriptic,CEN.PK2_ATAF1_sic1_34286,Experiment,,,SC Media with 200nM beta-estradiol,,,,"['Phosphate Buffered Saline', 'SC Media with 200nM beta-estradiol']",35.0,celsius,0.03331871908683179,False,False,44.03540311286854,0.047432997967698905
r1e799cvtk6ztx,d6,UWBF_34286,YeastSTATES-Beta-Estradiol-OR-Gate-Plant-TF-Growth-Curves,transcriptic,CEN.PK2_ATAF1_sic1_34286,Experiment,,,SC Media with 200nM beta-estradiol,,,,"['Phosphate Buffered Saline', 'SC Media with 200nM beta-estradiol']",35.0,celsius,0.034381797285947584,True,True,,
r1e799cvtk6ztx,d7,UWBF_34286,YeastSTATES-Beta-Estradiol-OR-Gate-Plant-TF-Growth-Curves,transcriptic,CEN.PK2_ATAF1_sic1_34286,Experiment,,,SC Media with 200nM beta-estradiol,,,,"['Phosphate Buffered Saline', 'SC Media with 200nM beta-estradiol']",35.0,celsius,0.03315262224069064,False,False,96571868.58808652,0.046618815413322155
r1e799cvtk6ztx,e1,UWBF_23970,YeastSTATES-Beta-Estradiol-OR-Gate-Plant-TF-Growth-Curves,transcriptic,CRISPR_CEN.PK2_negative_control_23970,Control,,,SC Media with 200nM beta-estradiol,,,,"['Phosphate Buffered Saline', 'SC Media with 200nM beta-estradiol']",35.0,celsius,0.035184724162997734,False,False,8.66421070060742,0.02377647296628296
r1e799cvtk6ztx,e3,UWBF_34281,YeastSTATES-Beta-Estradiol-OR-Gate-Plant-TF-Growth-Curves,transcriptic,CEN.PK2_ATAF1_sic1_34281,Experiment,,,SC Media with 200nM beta-estradiol,,,,"['Phosphate Buffered Saline', 'SC Media with 200nM beta-estradiol']",35.0,celsius,0.033897000160481736,False,False,45.77005790992918,0.04573200988318155
r1e799cvtk6ztx,e4,UWBF_34281,YeastSTATES-Beta-Estradiol-OR-Gate-Plant-TF-Growth-Curves,transcriptic,CEN.PK2_ATAF1_sic1_34281,Experiment,,,SC Media with 200nM beta-estradiol,,,,"['Phosphate Buffered Saline', 'SC Media with 200nM beta-estradiol']",35.0,celsius,0.03419749111258446,False,True,,
r1e799cvtk6ztx,e5,UWBF_34281,YeastSTATES-Beta-Estradiol-OR-Gate-Plant-TF-Growth-Curves,transcriptic,CEN.PK2_ATAF1_sic1_34281,Experiment,,,SC Media with 200nM beta-estradiol,,,,"['Phosphate Buffered Saline', 'SC Media with 200nM beta-estradiol']",35.0,celsius,0.034224157726199494,False,False,104385379.38984975,0.055308492527090636
r1e799cvtk6ztx,e6,UWBF_34281,YeastSTATES-Beta-Estradiol-OR-Gate-Plant-TF-Growth-Curves,transcriptic,CEN.PK2_ATAF1_sic1_34281,Experiment,,,SC Media with 200nM beta-estradiol,,,,"['Phosphate Buffered Saline', 'SC Media with 200nM beta-estradiol']",35.0,celsius,0.033326387604945135,True,True,,
r1e799cvtk6ztx,e7,UWBF_34281,YeastSTATES-Beta-Estradiol-OR-Gate-Plant-TF-Growth-Curves,transcriptic,CEN.PK2_ATAF1_sic1_34281,Experiment,,,SC Media with 200nM beta-estradiol,,,,"['Phosphate Buffered Saline', 'SC Media with 200nM beta-estradiol']",35.0,celsius,0.03446394333008907,False,False,10.57911119877348,0.02432541489349996
r1e799cvtk6ztx,f1,UWBF_23970,YeastSTATES-Beta-Estradiol-OR-Gate-Plant-TF-Growth-Curves,transcriptic,CRISPR_CEN.PK2_negative_control_23970,Control,,,SC Media with 200nM beta-estradiol,,,,"['Phosphate Buffered Saline', 'SC Media with 200nM beta-estradiol']",35.0,celsius,0.03475251497772179,False,False,23.038084877824364,0.06652652928198889
r1e799cvtk6ztx,f3,UWBF_34289,YeastSTATES-Beta-Estradiol-OR-Gate-Plant-TF-Growth-Curves,transcriptic,CEN.PK2_ORE1_sic1_gfp_34289,Experiment,,,SC Media with 200nM beta-estradiol,,,,"['Phosphate Buffered Saline', 'SC Media with 200nM beta-estradiol']",35.0,celsius,0.034473026201203516,False,False,14.63450325807833,0.03899977500869661
r1e799cvtk6ztx,f4,UWBF_34289,YeastSTATES-Beta-Estradiol-OR-Gate-Plant-TF-Growth-Curves,transcriptic,CEN.PK2_ORE1_sic1_gfp_34289,Experiment,,,SC Media with 200nM beta-estradiol,,,,"['Phosphate Buffered Saline', 'SC Media with 200nM beta-estradiol']",35.0,celsius,0.033466245802517725,False,False,29.158980725235317,0.09484737899539182
r1e799cvtk6ztx,f5,UWBF_34289,YeastSTATES-Beta-Estradiol-OR-Gate-Plant-TF-Growth-Curves,transcriptic,CEN.PK2_ORE1_sic1_gfp_34289,Experiment,,,SC Media with 200nM beta-estradiol,,,,"['Phosphate Buffered Saline', 'SC Media with 200nM beta-estradiol']",35.0,celsius,0.03393876561114633,False,False,29.072856922417085,0.09861450064225301
r1e799cvtk6ztx,f6,UWBF_34289,YeastSTATES-Beta-Estradiol-OR-Gate-Plant-TF-Growth-Curves,transcriptic,CEN.PK2_ORE1_sic1_gfp_34289,Experiment,,,SC Media with 200nM beta-estradiol,,,,"['Phosphate Buffered Saline', 'SC Media with 200nM beta-estradiol']",35.0,celsius,0.035476837065926484,False,False,30.339454988588518,0.09910055931295003
r1e799cvtk6ztx,f7,UWBF_34289,YeastSTATES-Beta-Estradiol-OR-Gate-Plant-TF-Growth-Curves,transcriptic,CEN.PK2_ORE1_sic1_gfp_34289,Experiment,,,SC Media with 200nM beta-estradiol,,,,"['Phosphate Buffered Saline', 'SC Media with 200nM beta-estradiol']",35.0,celsius,0.03390115106487588,False,False,12.92810151362559,0.10718585884731566
r1e799cvtk6ztx,g3,UWBF_34291,YeastSTATES-Beta-Estradiol-OR-Gate-Plant-TF-Growth-Curves,transcriptic,CEN.PK2_ORE1_sic1_34291,Experiment,,,SC Media with 200nM beta-estradiol,,,,"['Phosphate Buffered Saline', 'SC Media with 200nM beta-estradiol']",35.0,celsius,0.03540623209944907,False,False,24.834085702939394,0.10372734084274524
r1e799cvtk6ztx,g4,UWBF_34291,YeastSTATES-Beta-Estradiol-OR-Gate-Plant-TF-Growth-Curves,transcriptic,CEN.PK2_ORE1_sic1_34291,Experiment,,,SC Media with 200nM beta-estradiol,,,,"['Phosphate Buffered Saline', 'SC Media with 200nM beta-estradiol']",35.0,celsius,0.034590922751661916,False,False,11.84726933444142,0.03372547752704285
r1e799cvtk6ztx,g5,UWBF_34291,YeastSTATES-Beta-Estradiol-OR-Gate-Plant-TF-Growth-Curves,transcriptic,CEN.PK2_ORE1_sic1_34291,Experiment,,,SC Media with 200nM beta-estradiol,,,,"['Phosphate Buffered Saline', 'SC Media with 200nM beta-estradiol']",35.0,celsius,0.033566816956215835,False,False,17.847968937723774,0.06562341149812204
r1e799cvtk6ztx,g6,UWBF_34291,YeastSTATES-Beta-Estradiol-OR-Gate-Plant-TF-Growth-Curves,transcriptic,CEN.PK2_ORE1_sic1_34291,Experiment,,,SC Media with 200nM beta-estradiol,,,,"['Phosphate Buffered Saline', 'SC Media with 200nM beta-estradiol']",35.0,celsius,0.03414635434978402,False,False,20.018075344096243,0.08303813412768224
r1e799cvtk6ztx,g7,UWBF_34291,YeastSTATES-Beta-Estradiol-OR-Gate-Plant-TF-Growth-Curves,transcriptic,CEN.PK2_ORE1_sic1_34291,Experiment,,,SC Media with 200nM beta-estradiol,,,,"['Phosphate Buffered Saline', 'SC Media with 200nM beta-estradiol']",35.0,celsius,0.03700389321053416,False,False,17.428089556612786,0.0834835617198853
r1e799cvtk6ztx,h3,UWBF_34297,YeastSTATES-Beta-Estradiol-OR-Gate-Plant-TF-Growth-Curves,transcriptic,CEN.PK2_ORE1_sic1_34297,Experiment,,,SC Media with 200nM beta-estradiol,,,,"['Phosphate Buffered Saline', 'SC Media with 200nM beta-estradiol']",35.0,celsius,0.03298425786328491,True,True,,
r1e799cvtk6ztx,h4,UWBF_34297,YeastSTATES-Beta-Estradiol-OR-Gate-Plant-TF-Growth-Curves,transcriptic,CEN.PK2_ORE1_sic1_34297,Experiment,,,SC Media with 200nM beta-estradiol,,,,"['Phosphate Buffered Saline', 'SC Media with 200nM beta-estradiol']",35.0,celsius,0.03312059638208679,True,True,,
r1e799cvtk6ztx,h5,UWBF_34297,YeastSTATES-Beta-Estradiol-OR-Gate-Plant-TF-Growth-Curves,transcriptic,CEN.PK2_ORE1_sic1_34297,Experiment,,,SC Media with 200nM beta-estradiol,,,,"['Phosphate Buffered Saline', 'SC Media with 200nM beta-estradiol']",35.0,celsius,0.03453184612731317,True,True,,
r1e799cvtk6ztx,h6,UWBF_34297,YeastSTATES-Beta-Estradiol-OR-Gate-Plant-TF-Growth-Curves,transcriptic,CEN.PK2_ORE1_sic1_34297,Experiment,,,SC Media with 200nM beta-estradiol,,,,"['Phosphate Buffered Saline', 'SC Media with 200nM beta-estradiol']",35.0,celsius,0.03297437055786629,True,True,,
r1e799cvtk6ztx,h7,UWBF_34297,YeastSTATES-Beta-Estradiol-OR-Gate-Plant-TF-Growth-Curves,transcriptic,CEN.PK2_ORE1_sic1_34297,Experiment,,,SC Media with 200nM beta-estradiol,,,,"['Phosphate Buffered Saline', 'SC Media with 200nM beta-estradiol']",35.0,celsius,0.03228819171536867,True,True,,
